ip_armies_size|部 隊 規 模 
ip_armies_size_text|你 的 部 隊 規 模 ， 同 領 主 們 一 樣 受 到 以 下 因 素 的 影 響： ^^統 御： 每 點 增 加 隊 伍 規 模 上 限 5人 。 招 募 有 統 帥 能 力 的 伙 伴 可 以 幫 助 你 領 導 部 隊 。 ^^魅 力： 每 點 增 加 隊 伍 規 模 上 限 1人 。 吸 引 伙 伴 跟 隨 你 的 事 業 的 能 力 就 是 魅 力 。 ^^聲 望： 每 9點 增 加 隊 伍 規 模 上 限 1人 。 聲 望 吸 引 追 隨 者 。 ^^領 地： 每 座 城 鎮 增 加 隊 伍 規 模 上 限 80人 ， 每 座 城 堡 增 加 隊 伍 規 模 上 限 40人 。 領 地 意 味 著 你 有 更 大 的 征 兵 空 間 。 ^^記 住 在 海 上 ， 你 的 隊 伍 規 模 受 限 於 你 戰 船 的 容 量 。 額 外 的 兵 力 可 以 放 置 在 領 地 作 為 守 備 ， 或 者 是 安 排 在 玩 家 的 避 難 所（ 需 要 建 立） ， 或 者 任 意 崗 哨 。 
ip_morale|士 氣 
ip_morale_text|士 氣 讓 部 隊 中 的 士 兵 們 保 持 堅 忍 不 拔 ， 勇 往 直 前 ， 和 紀 律 嚴 明 的 能 力 和 積 極 性 ， 這 些 都 是 他 們 抵 御 戰 斗 和 行 軍 當 中 的 壓 力 所 必 需 的 。 這 個 和 士 兵 們 的 愉 悅 度 不 是 一 回 事 情 。 精 銳 部 隊 也 許 會 因 不 滿 而 抱 怨 戰 役 的 艱 苦 — — 但 是 當 他 們 面 對 如 蝗 飛 矢 的 時 候 還 是 會 堅 如 磐 石 團 結 如 一 。 另 一 方 面 ， 一 個 無 微 不 至 給 予 他 的 部 下 任 何 需 求 的 指 揮 官 ， 也 許 反 而 會 發 現 他 們 變 得 軟 弱 ， 並 且 在 敵 人 進 攻 前 就 望 風 而 逃 。 ^^ 士 氣 最 大 的 影 響 是 對 於 部 隊 在 戰 斗 中 的 行 為 ， 決 斗 了 士 兵 與 敵 人 交 戰 時 有 多 凶 猛 ， 以 及 當 他 們 發 現 戰 場 形 勢 不 對 時 有 多 想 落 荒 而 逃 。 士 氣 同 樣 影 響 一 支 部 隊 的 行 軍 速 度 ， 越 沒 有 動 力 的 隊 伍 跑 的 就 越 慢 ， 因 為 這 種 情 況 下 部 下 不 會 盡 力 而 為 ， 並 且 經 常 要 停 下 來 休 息 ， 所 以 經 常 要 等 掉 隊 的 人 趕 上 來 。 最 終 ， 一 支 士 氣 低 下 的 部 隊 就 會 有 人 開 小 差 逃 走 。 ^^ 一 些 影 響 士 氣 的 因 素 是 很 直 觀 的 。 比 如 ， 一 個 魅 力 過 人 並 且 百 戰 百 勝 的 指 揮 官 可 以 給 他 或 者 她 的 部 下 在 精 神 上 以 極 大 的 鼓 舞 。 給 部 下 提 供 大 量 而 又 豐 富 食 物 ， 並 且 不 拖 欠 部 下 傭 金 的 領 袖 們 ， 表 現 的 很 關 心 他 們 的 士 兵 的 福 利 ， 並 且 不 喜 歡 帶 領 他 們 深 赴 險 地 。 ^^ 另 外 一 些 因 素 就 不 是 那 麼 直 觀 了 — — 特 別 是 那 些 涉 及 部 隊 的 團 隊 凝 聚 力 方 面 的 。 例 如 ， 在 一 支 精 兵 隊 伍 裡 ， 個 個 都 會 和 優 勢 兵 力 的 敵 人 艱 苦 作 戰 毫 不 畏 縮 ， 因 為 你 的 膽 小 與 否 別 人 都 能 看 得 到 。 相 對 的 面 對 一 支 龐 大 的 隊 伍 你 也 許 就 會 看 到 其 內 部 團 結 有 問 題 ， 這 是 由 於 指 揮 官 沒 有 更 多 的 時 間 來 監 督 部 下 ， 傾 聽 他 們 的 抱 怨 ， 並 且 解 決 他 們 之 間 的 爭 端 。 頻 繁 的 戰 事 將 使 戰 士 們 團 結 ， 而 長 時 間 的 無 所 事 事 會 使 士 兵 們 變 得 無 聊 和 相 互 爭 吵 。 ^^ 通 過 點 擊 「 報 告 」 按 鈕 來 顯 示 的 士 氣 報 告 ， 將 給 玩 家 顯 示 哪 些 因 素 正 在 影 響 他 或 她 部 下 的 士 氣 。 
ip_economy|經 濟 
ip_economy_text|北 地 的 城 鎮 和 村 莊 為 了 其 人 口 的 正 常 生 存 和 生 產 都 需 要 非 常 多 樣 化 的 商 品 。 民 以 食 為 天 。 谷 物 是 北 地 的 主 要 農 作 物 ， 但 是 人 們 還 需 要 肉 類 ， 魚 類 和 奶 酪 提 供 的 脂 肪 和 蛋 白 質 。 而 第 一 時 間 裡 將 肉 類 妥 善 保 存 起 來 的 工 作 差 不 多 和 生 產 肉 類 一 樣 繁 重 ， 因 此 食 鹽 的 需 求 也 很 巨 大 。 要 解 決 溫 飽 還 需 要 衣 服： 厚 重 的 羊 毛 ， 輕 盈 的 亞 麻 ， 或 者 奢 華 的 天 鵝 絨 。 最 後 ， 人 們 還 需 要 用 於 貿 易 的 各 種 物 品： 鐵 器 ， 陶 器 ， 皮 革 制 品 ， 當 然 ， 還 有 ， 用 於 戰 爭 的 武 器 ， 盔 甲 ， 以 及 馬 匹 。 ^^ 大 多 數 農 業 產 品 產 自 於 村 莊 ， 而 城 鎮 裡 的 工 匠 則 專 門 從 事 於 制 造 品 或 者 手 工 藝 品 比 如 織 物 或 者 鐵 器 。 同 樣 的 ， 不 同 的 資 源 產 自 於 國 家 的 不 同 行 當 。 因 此 ， 北 地 繁 榮 的 關 鍵 是 貿 易 — — 不 但 是 村 莊 和 城 鎮 之 間 ， 還 包 括 那 些 主 要 城 鎮 本 身 之 間 。 ^^ 當 貿 易 流 通 時 ， 商 品 將 能 夠 被 使 用 和 消 費 ， 該 地 區 的 人 口 將 會 健 康 而 又 愉 悅 ， 並 且 會 有 移 居 者 從 附 近 地 區 聚 集 過 來 。 該 地 區 將 會 生 產 更 多 ， 消 費 更 多 ， 進 而 能 夠 給 他 們 的 領 主 貢 獻 更 多 的 稅 金 。 當 貿 易 停 滯 ， 城 鎮 和 村 莊 的 工 人 就 會 離 開 去 別 處 找 工 作 ， 而 經 濟 活 動 也 將 停 止 。 從 而 ， 為 了 統 治 者 的 利 益 得 去 保 護 貿 易 路 線 免 遭 戰 爭 和 匪 患 的 威 脅 。 可 是 ， 一 個 精 明 的 商 人 ， 會 希 望 搜 索 到 與 北 地 其 它 地 方 隔 離 的 城 鎮 ， 因 為 他 或 者 她 也 許 能 夠 從 不 平 衡 的 價 格 之 中 獲 得 相 當 可 觀 的 收 益 。 ^^ 因 為 村 民 總 是 把 他 們 出 產 的 商 品 運 往 城 鎮 的 市 場 ， 村 莊 的 市 場 通 常 沒 什 麼 生 意 ， 而 村 民 們 總 是 賤 買 貴 賣 。 正 經 的 商 人 都 待 在 城 鎮 裡 做 買 賣 ， 雖 然 有 些 隊 伍 會 不 時 在 村 莊 稍 作 停 留 做 些 補 給 。 ^^ 一 個 玩 家 如 果 要 想 知 道 哪 些 因 素 影 響 著 某 個 地 區 的 繁 榮 度 可 以 去 問 問 城 鎮 廣 場 上 的 鎮 長 。 別 的 信 息 可 以 從 路 人 那 裡 收 集 到 ， 盡 管 他 們 也 許 不 太 清 楚 他 們 自 己 特 定 貿 易 以 外 的 東 西 。 
ip_courtship|求 愛 
ip_courtship_text|玩 家 們 也 許 希 望 和 北 地 的 世 家 貴 族 聯 姻 。 婚 姻 並 不 是 玩 家 在 北 地 施 展 自 己 的 本 領 和 才 干 所 必 須 的 ， 但 是 這 提 供 給 了 玩 家 增 進 和 領 主 們 的 關 系 以 及 確 立 對 王 位 主 張 的 機 會 。 ^^ 結 婚 的 條 件 對 於 男 性 和 女 性 玩 家 是 不 同 的 。 一 個 男 性 角 色 通 常 需 要 進 行 傳 統 方 式 的 求 愛 。 他 需 要 在 北 地 貴 族 圈 裡 建 立 自 己 的 聲 望 ， 要 和 他 新 娘 的 父 母 或 者 監 護 人 相 處 融 洽 ， 並 且 按 照 當 地 習 俗 向 女 孩 求 愛 。 如 果 某 個 玩 家 變 得 不 耐 煩 起 來 ， 他 可 以 試 圖 走 捷 徑 — — 但 是 會 對 他 和 其 他 領 主 之 間 的 關 系 產 生 後 果 。 ^^ 一 個 男 性 角 色 得 記 住 其 他 領 主 會 為 了 王 國 的 閨 秀 和 他 競 爭 。 同 樣 ， 女 孩 子 的 小 考 驗 也 是 隨 時 隨 地 的 ， 而 玩 家 也 許 會 發 現 他 求 愛 的 對 象 到 頭 來 並 不 愛 他 。 浪 漫 史 ， 在 北 地 ， 和 在 其 它 地 方 一 樣 ， 有 情 人 不 一 定 總 成 眷 屬 。 當 然 ， 玩 家 也 可 以 使 用 別 的 ， 不 太 紳 士 的 手 段 贏 得 女 孩 子 的 心 ， 但 是 同 樣 的 ， 那 會 對 他 的 名 聲 帶 來 嚴 重 的 影 響 。 ^^ 要 開 始 一 段 求 愛 的 旅 程 ， 男 性 玩 家 需 要 試 著 融 入 北 地 貴 族 的 社 交 生 活 ， 出 席 宴 會 和 競 技 大 會 。 同 樣 ， 流 浪 的 歌 手 和 詩 人 可 以 成 為 獲 得 求 愛 信 息 的 有 用 的 知 識 庫 ， 並 且 能 讓 玩 家 隨 時 知 道 當 下 人 們 都 在 談 論 些 什 麼 。 ^^ 女 性 玩 家 也 可 以 結 婚 — — 但 是 她 們 得 記 住 北 地 的 社 會 非 常 傳 統 ， 而 且 ， 作 為 冒 險 者 ， 她 們 選 擇 了 一 條 非 常 反 傳 統 的 女 性 之 路 。 一 名 女 性 角 色 也 許 要 好 好 找 找 某 個 思 想 足 夠 開 放 的 領 主 來 娶 她 。 ^^ 作 為 好 的 一 面 ， 一 名 女 性 角 色 不 需 要 經 過 冗 繁 的 求 愛 禮 儀 ， 並 且 她 同 樣 可 以 從 婚 姻 中 比 她 的 男 性 配 偶 得 到 的 更 多 。 作 為 一 名 女 性 冒 險 家 ， 婚 姻 可 以 成 為 通 往 權 力 的 捷 徑 — — 而 一 名 不 擇 手 段 的 角 色 也 許 會 把 她 的 丈 夫 當 作 她 實 現 政 治 野 心 的 工 具 。 
ip_politics|政 治 
ip_politics_text|北 地 諸 國 ， 盡 管 擁 有 各 自 不 同 的 文 化 ， 但 都 實 行 著 一 個 早 於 封 建 制 的 政 治 體 系 。 在 日 耳 曼 社 會 中 ， 最 高 的 統 治 者 是 國 王 。 而 國 王 是 由 貴 族 組 成 的 議 會 選 舉 產 生 。 王 國 所 有 的 土 地 都 屬 於 國 王 ， 國 王 則 把 土 地 分 給 貴 族 和 對 王 國 有 貢 獻 的 人 。 但 這 些 土 地 並 不 是 他 們 的 私 有 的 ， 在 他 們 死 後 ， 都 會 被 收 歸 國 王 。 貴 族 們 以 國 王 的 名 義 確 保 每 塊 領 地 的 統 治 和 公 正 ， 並 在 戰 時 帶 領 征 召 兵 前 往 戰 場 。 為 了 這 個 目 的 ， 貴 族 們 又 把 土 地 分 給 那 些 能 夠 發 展 農 村 經 濟 的 自 由 民 。 而 這 些 平 時 種 田 畜 牧 的 人 又 得 向 他 們 的 領 主 賦 稅 並 履 行 一 些 義 務 ， 諸 如 兵 役 ， 城 堡 建 設 等 活 動 。 ^^這 種 情 況 很 普 遍 ， 各 級 貴 族 們 也 是 如 此 。 而 逐 漸 強 大 的 修 道 院 則 對 它 的 教 區 實 行 自 治 。 ^^不 同 的 是 ， 在 凱 爾 特 社 會 中 （ 蓋 爾 ， 威 爾 士 和 皮 克 特 ） ， 他 們 更 注 重 血 緣 ， 氏 族 。 是 一 個 由 一 群 擁 有 相 同 祖 先 的 同 族 人 組 成 的 獨 立 社 會 。 ^^當 北 地 的 某 個 國 家 和 別 國 開 戰 ， 各 個 王 國 內 部 在 政 治 上 是 否 團 結 ， 嚴 重 影 響 到 其 能 夠 決 定 戰 爭 結 果 的 士 兵 的 質 量 和 數 量 。 在 一 個 團 結 的 王 國 ， 貴 族 們 會 聯 合 在 一 起 成 為 一 股 強 大 的 力 量 掃 除 他 們 面 前 的 對 手 。 在 一 個 因 為 喋 喋 不 休 的 爭 論 而 四 分 五 裂 的 王 國 裡 ， 領 主 們 將 不 聽 從 元 帥 的 召 集 ， 或 者 在 一 場 戰 役 如 果 進 行 的 並 不 順 利 的 時 候 四 散 而 去 忙 他 們 自 己 的 事 情 。 一 個 陣 營 政 治 上 的 凝 聚 力 還 會 在 戰 役 沒 有 進 行 的 情 況 下 導 致 軍 事 沖 突 。 在 一 個 分 裂 的 陣 營 ， 領 主 們 在 出 擊 和 巡 邏 的 時 候 不 大 願 意 聯 合 行 動 ， 還 有 共 同 防 御 。 ^^ 如 果 發 現 領 主 們 在 敵 人 出 現 在 地 平 線 上 的 時 候 因 為 斗 嘴 和 爭 論 而 要 弄 巧 成 拙 ， 記 住 — — 從 根 本 上 講 ， 一 名 貴 族 的 忠 誠 不 是 對 於 特 定 的 陣 營 或 者 文 化 ， 而 是 對 於 他 自 己 以 及 他 的 家 族 。 如 果 一 個 貴 族 擔 心 他 的 陣 營 崩 潰 ， 或 者 是 他 正 在 被 他 的 君 主 忽 視 ， 他 通 常 會 找 個 理 由 撤 銷 他 效 忠 的 宣 誓 ， 然 後 投 奔 別 處 。 玩 家 要 記 住 這 一 點 ， 因 為 你 有 機 會 讓 心 中 不 滿 的 前 敵 人 轉 變 成 盟 友 。 
ip_character_backgrounds|角 色 背 景 
ip_character_backgrounds_text|進 入 北 地 的 玩 家 可 以 選 擇 來 自 不 同 的 社 會 背 景 。 這 個 選 擇 不 僅 僅 會 影 響 到 他 或 她 的 起 始 技 能 和 裝 備 ， 還 會 影 響 到 他 或 者 她 的 冒 險 生 涯 。 ^^ 北 地 的 戰 事 和 政 治 傳 統 性 地 歸 男 性 貴 族 所 支 配 。 一 名 男 性 貴 族 玩 家 角 色 會 發 現 他 很 快 就 在 這 個 「 大 男 子 」 俱 樂 部 裡 如 魚 得 水 ， 而 女 性 和 平 民 身 份 則 會 在 奮 斗 之 路 上 遇 到 額 外 的 障 礙 。 如 果 你 選 擇 作 為 一 名 男 性 貴 族 來 開 始 開 始 游 戲 ， 你 可 以 看 作 是 以 「 簡 單 」 難 度 來 開 始 游 戲 。 以 女 性 貴 族 或 者 男 性 平 民 開 始 則 要 難 度 高 一 點 ， 而 以 女 性 平 民 開 局 則 可 能 是 以 最 具 挑 戰 的 方 式 開 始 游 戲 。 ^^ 盡 管 這 樣 ， 女 性 也 有 開 局 的 優 勢 。 很 明 顯 的 就 是 招 兵 ， 一 名 女 性 勇 士 自 身 很 能 引 人 注 意 ， 這 樣 她 能 夠 比 男 性 更 快 地 樹 立 自 己 的 名 聲 。 同 樣 地 ， 按 照 慣 例 女 的 也 比 男 的 要 更 容 易 通 過 婚 姻 通 往 社 會 高 層 ， 並 且 女 的 可 以 通 過 戰 略 婚 姻 聯 盟 比 她 的 男 性 配 偶 獲 得 的 更 多 。 ^^ 最 後 ， 記 住 這 游 戲 裡 ， 英 雄 不 問 出 處 ， 王 侯 將 相 ， 寧 有 種 乎 。 不 論 貴 族 還 是 平 民 ， 男 性 還 是 女 性 ， 結 婚 還 是 單 身 — — 任 何 人 都 有 可 能 成 為 北 地 的 統 治 者 ， 如 果 他 們 足 夠 勇 敢 ， 幸 運 或 者 智 慧 的 話 。 
ip_military_campaigns|軍 事 戰 爭 
ip_military_campaigns_text|當 北 地 諸 王 國 開 始 戰 事 ， 他 們 的 軍 隊 有 兩 種 基 本 的 進 攻 方 式 。 他 們 會 試 圖 進 攻 村 莊 並 摧 毀 它 ， 破 壞 敵 人 的 聲 望 和 經 濟 。 或 者 ， 他 們 可 以 試 圖 奪 取 並 占 據 城 堡 或 者 城 鎮 ， 擴 張 領 土 。 這 第 二 種 方 式 包 括 長 期 ， 血 腥 的 圍 攻 ， 但 是 能 產 生 更 有 決 定 性 的 成 果 。 ^^ 得 記 住 很 重 要 的 一 點 在 北 地 的 國 家 裡 沒 有 按 照 統 治 者 要 求 常 駐 各 處 的 常 備 軍 。 相 對 的 ， 不 列 顛 各 國 由 權 臣 貴 族 及 其 各 自 從 屬 所 招 募 的 封 建 傭 兵 所 保 護 。 有 時 候 ， 這 些 貴 族 私 自 發 動 對 敵 人 領 土 的 進 攻 ， 但 決 定 性 的 攻 擊 總 是 發 生 在 大 規 模 軍 團 被 召 集 的 時 候 。 各 個 王 國 的 元 帥 ， 一 名 由 國 王 指 派 的 貴 族 ， 會 在 戰 役 開 始 前 召 集 軍 團 並 率 領 他 們 投 入 戰 斗 。 然 而 ， 他 也 需 要 注 意 別 讓 他 們 過 於 戀 戰 。 否 則 ， 軍 團 就 會 開 始 瓦 解 ， 因 為 那 些 領 主 會 各 自 離 開 去 忙 他 們 自 己 的 事 情 ， 而 大 軍 就 會 變 得 容 易 遭 受 對 方 的 反 擊 。 ^^ 因 此 ， 在 北 地 ， 戰 爭 的 節 奏 通 常 就 像 是 兩 個 單 獨 的 戰 斗 者 之 間 的 決 斗 一 樣 。 一 方 會 糾 集 自 己 的 力 量 尋 求 對 敵 方 領 土 的 一 次 猛 攻 。 如 果 元 帥 倉 促 間 集 結 領 主 們 的 時 間 過 短 ， 他 就 不 能 實 施 任 何 有 效 的 攻 擊 。 如 果 他 花 的 時 間 過 長 ， 那 戰 役 也 許 會 在 還 沒 開 始 之 前 就 結 束 。 大 國 對 小 國 擁 有 優 勢 ， 就 像 一 名 強 壯 的 戰 士 比 弱 小 的 對 手 要 厲 害 ， 但 是 一 個 國 家 政 治 上 的 凝 聚 力 也 不 能 忽 視 ， 就 像 一 個 耐 力 過 人 的 斗 士 會 比 他 的 對 手 活 得 更 久 。 有 時 候 ， 兩 個 國 家 的 軍 隊 會 迎 頭 碰 上 ， 軍 隊 的 士 氣 和 數 量 將 決 定 這 場 大 決 戰 的 結 果 。 ^^ 王 國 們 對 於 其 敵 人 總 是 缺 乏 情 報 。 進 攻 方 的 領 主 需 要 頻 繁 地 偵 查 敵 人 的 領 土 來 決 定 哪 個 要 塞 也 許 易 於 攻 擊 。 守 衛 本 土 的 軍 隊 會 有 從 城 堡 和 城 鎮 得 到 警 報 的 優 勢 ， 它 們 會 傳 播 敵 人 在 其 附 近 行 動 的 情 報 。 然 而 ， 這 些 情 報 並 不 精 確 ， 特 別 是 對 於 敵 軍 的 數 量 方 面 。 解 圍 或 者 援 救 村 莊 的 防 守 方 也 許 能 擊 敗 一 支 沒 有 准 備 的 進 攻 部 隊 — — 或 者 失 算 ， 成 為 被 打 敗 的 一 方 。 而 對 於 進 攻 方 ， 必 須 要 小 心 他 們 深 入 敵 後 有 多 遠 ， 而 好 戰 的 元 帥 要 比 謹 慎 的 元 帥 更 冒 險 。 ^^ 玩 家 會 期 望 加 入 其 陣 營 的 軍 事 戰 役 ， 比 如 加 入 軍 團 ， 或 者 打 頭 陣 去 敵 人 領 土 偵 查 。 某 些 玩 家 也 許 會 發 現 他 們 國 家 的 元 帥 個 人 風 格 太 謹 慎 了 ， 或 者 太 好 戰 了 。 這 種 情 況 下 ， 他 們 可 以 串 通 其 他 領 主 來 試 圖 更 換 元 帥 ， 或 者 尋 求 支 持 來 自 己 當 上 元 帥 。 ^^ 大 部 分 戰 爭 持 續 有 限 的 一 段 時 間 。 一 名 想 要 開 戰 的 國 王 ， 為 了 榮 耀 ， 覺 得 有 義 務 短 時 間 裡 解 決 沖 突 。 然 而 ， 除 非 他 狠 揍 了 敵 人 一 頓 。 他 也 許 很 快 開 始 尋 求 平 息 沖 突 的 途 徑 ， 以 免 自 己 暴 露 在 第 三 方 部 隊 的 攻 擊 威 脅 之 下 。 北 地 的 統 治 者 們 都 清 楚 地 明 白 今 天 的 盟 友 也 許 明 天 就 會 成 為 敵 人 ， 反 之 亦 然 。 
ip_siege_warfare|攻 城 戰 
ip_siege_warfare_text|在 《 維 京 征 服 》 中 ， 攻 城 戰 將 為 你 准 確 的 再 現 中 世 紀 攻 城 戰 爭 ， 當 玩 家 圍 城 和 准 備 進 攻 時 ， 有 兩 種 方 法 可 以 獲 勝： 一 種 是 把 敵 人 糧 草 消 耗 殆 盡 （ 饑 餓 、 疾 病 … ） ， 另 一 種 是 全 殲 敵 人 。 。 在 圍 城 模 式 中 ， 玩 家 的 主 要 任 務 是 防 止 敵 人 的 盟 友 進 行 增 援 或 糧 草 增 援 ， 同 時 可 以 命 令 部 下 進 行 降 低 敵 人 士 氣 、 傳 染 疾 病 或 破 壞 糧 草 儲 備 等 行 動 。 圍 城 模 式 需 要 較 長 時 間 ， 但 是 對 於 部 隊 傷 亡 較 小 。 而 在 強 攻 模 式 中 ， 玩 家 可 以 直 接 采 取 行 動 ， 並 可 以 使 用 攻 城 梯 、 攻 城 盾 等 攻 城 武 器 ， 同 時 玩 家 還 以 選 擇 挑 釁 行 為 （ 焚 燒 外 城 建 築 和 城 牆 ) 。 強 攻 模 式 可 以 快 速 占 領 城 市 ， 但 此 種 模 式 消 耗 部 隊 較 多 。 另 外 ， 如 果 目 標 城 鎮 靠 近 大 海 有 碼 頭 時 ， 玩 家 還 可 以 組 建 一 個 艦 隊 從 海 上 攻 擊 目 標 城 鎮 。 總 之 新 的 攻 城 模 式 的 娛 樂 性 和 特 點 難 以 在 這 裡 詳 細 描 述 ， 最 好 的 方 法 是 你 親 自 進 入 游 戲 體 驗 ， 歡 迎 來 到 維 京 征 服 攻 城 戰 模 式 ！
ip_sea_travel|航 海 
ip_sea_travel_text|世 界 地 圖 上 港 口 之 間 的 渡 輪 可 以 運 輸 你 的 隊 伍 。 當 你 的 隊 伍 規 模 不 大 時 ， 這 是 很 便 宜 的 方 式 ， 隨 著 你 隊 伍 規 模 的 增 加 ， 費 用 也 會 相 應 增 加 。 ^^如 果 需 要 在 海 上 做 遠 距 離 航 行 ， 你 可 以 在 兩 座 港 口 城 鎮 之 間 完 成 。 你 可 以 在 城 鎮 菜 單 中 選 擇 或 者 通 過 和 港 口 城 鎮 中 的 造 船 師 對 話 來 開 始 旅 行 。 同 渡 輪 一 樣 ， 費 用 取 決 於 你 的 隊 伍 規 模 。 ^^當 你 擁 有 了 你 自 己 的 戰 船 時 ， 你 可 以 通 過 點 擊 城 鎮 目 錄 中 的 "起 航 "來 搭 乘 你 的 船 。 隨 後 你 會 回 到 世 界 地 圖 中 ， 不 過 你 是 在 船 上 而 不 是 在 馬 上 。 在 海 上 航 行 和 在 陸 上 行 軍 很 類 似 。 ^^游 戲 中 有 兩 種 登 陸 方 式 。 你 可 以 通 過 點 擊 港 口 或 者 登 陸 點 的 方 式 回 到 岸 上 。 要 想 找 到 一 個 登 陸 點 ， 你 需 要 盡 可 能 靠 近 海 岸 航 行 ， 或 者 右 鍵 點 擊 你 的 軍 團 ， 選 擇 "尋 找 最 近 的 登 陸 點 "選 項 。 在 港 口 中 ， 點 擊 登 陸 點 停 靠 你 的 船 只 。 不 管 何 種 情 況 ， 你 的 船 都 會 停 靠 在 你 登 陸 的 地 方 。 ^^
ip_sea_battle|海 戰 
ip_sea_battle_text|在 開 始 享 受 海 上 生 活 的 某 個 時 刻 ， 你 會 參 與 到 海 戰 中 來 。 ^^首 先 ， 你 需 要 明 白 如 何 控 制 你 的 戰 船 。 你 可 以 通 過 箭 頭 ， 給 出 前 進 、 快 速 前 進 、 後 退 和 原 地 待 命 的 命 令 。 指 示 箭 頭 會 依 照 這 些 指 令 做 出 上 下 變 化 。 你 也 可 以 給 出 直 行 、 右 舵 、 右 滿 舵 、 左 舵 、 左 滿 舵 的 指 令 ， 左 右 箭 頭 會 根 據 指 令 做 出 變 化 。 ^^當 前 的 指 令 會 通 過 箭 頭 顯 示 在 你 船 只 的 右 上 角 。 按 回 車 鍵 起 航 ， 按 BACKSPACE 鍵 獲 得 戰 術 視 野 。 嘗 試 這 些 指 令 ， 來 獲 得 操 縱 船 只 的 感 覺 ， 並 感 受 風 的 影 響 。 ^^當 你 足 夠 靠 近 敵 人 的 艦 船 時 ， 將 准 備 開 始 登 陸 。 戰 船 會 撞 到 一 起 ， 並 打 響 戰 斗 。 ^如 果 你 足 夠 幸 運 ， 你 會 在 獲 勝 後 俘 獲 敵 人 的 旗 艦 。 ^^在 海 戰 中 ， 當 你 擁 有 不 止 一 艘 船 ， 你 可 以 做 出 "原 地 待 命 "或 者 "沖 鋒 "的 指 令 ， 這 些 指 令 在 第 九 條 "隊 列 部 署 "選 項 下 。 你 的 軍 隊 列 表 中 第 一 支 隊 伍 ， 會 跟 隨 你 一 起 登 陸 你 的 旗 艦 。 其 他 的 隊 伍 則 會 登 上 余 下 的 船 只 。 你 可 以 在 港 口 或 者 在 海 上 扎 營 時 更 改 你 的 旗 艦 。 ^^當 你 有 一 支 相 當 大 的 艦 隊 ， 你 可 以 從 海 上 襲 擊 城 鎮 。 想 要 如 此 做 ， 只 需 要 到 達 並 點 擊 敵 人 港 口 城 鎮 ， 就 會 出 現 攻 擊 選 項 ， 而 不 需 要 先 登 陸 才 能 發 動 攻 擊 。 
ip_ship_info|船 只 
ip_ship_info_text|遲 早 你 都 會 想 要 買 一 艘 船 。 有 好 幾 個 理 由 支 持 你 如 此 做 。 從 長 遠 來 看 ， 擁 有 自 己 的 船 ， 是 最 便 宜 的 航 海 方 式 。 這 給 了 你 足 夠 的 在 海 上 移 動 的 自 由 ， 並 且 給 你 帶 來 了 貿 易 和 行 軍 的 新 機 遇 。 ^^從 另 一 個 角 度 說 ， 它 也 有 缺 點 。 首 先 ， 一 艘 船 是 昂 貴 不 菲 的 ， 你 可 能 需 要 節 衣 縮 食 節 省 出 一 筆 錢 來 支 付 它 。 其 次 ， 船 只 只 能 裝 載 有 數 量 限 制 的 軍 隊 。 ^^另 外 一 個 需 要 考 慮 的 重 要 因 素 是 速 度 ， 有 一 艘 足 夠 快 的 船 ， 你 可 以 成 功 追 上 敵 人 或 者 從 他 們 手 裡 逃 脫 。 船 只 的 速 度 由 它 的 類 型 和 狀 態 決 定 。 ^^船 只 使 用 的 木 料 決 定 它 的 耐 力 。 橡 木 船 就 非 常 結 實 耐 用 ， 櫸 木 船 可 能 會 需 要 經 常 修 理 。 ^^當 你 覺 得 已 經 是 時 候 購 買 一 艘 船 的 時 候 ， 在 城 鎮 目 錄 中 點 擊 "查 看 船 只 "選 項 ， 或 者 和 造 船 師 交 談 。 港 口 城 鎮 可 以 最 多 有 3艘 船 待 售 ， 但 是 有 時 候 可 能 一 艘 也 沒 有 。 待 售 船 只 的 類 型 和 數 量 是 隨 著 時 間 增 加 而 變 化 的 。 盡 管 所 有 的 港 口 城 鎮 都 有 船 只 出 售 ， 想 要 找 到 最 好 的 船 ， 還 請 去 諾 爾 斯 和 弗 裡 斯 蘭 的 港 口 。 想 要 查 看 你 的 船 只 ， 可 以 在 城 鎮 目 錄 下 點 擊 "查 看 船 只 "選 項 ， 或 者 走 到 它 所 在 的 碼 頭 。 ^^在 港 口 ， 你 可 以 定 制 船 帆 或 者 給 任 何 橡 木 船 刷 漆 。 有 一 種 特 殊 的 帆 只 提 供 給 玩 家 的 船 ， 可 以 用 專 用 的 圖 形 編 輯 器 修 改（ 不 包 括 在 維 京 征 服） 。 需 要 更 多 的 信 息 ， 請 參 見 本 DLC 中 的 文 件 夾 。 ^^當 你 擁 有 了 自 己 的 船 只 ， 造 船 師 會 以 一 種 與 以 往 不 同 的 方 式 同 你 交 互 ， 並 且 會 毫 不 猶 豫 提 供 建 議 。 造 船 師 也 提 供 船 只 定 制 服 務 。 但 是 更 好 的 船 只 會 需 求 特 殊 材 料 ， 你 需 要 獲 得 它 們 並 提 供 給 造 船 師 。 更 好 的 船 同 樣 需 求 更 多 的 時 間 去 建 造 。 優 秀 的 造 船 師 出 現 在 諾 爾 斯 港 口 。 你 自 己 打 造 的 船 只 ， 可 以 在 船 只 自 定 義 目 錄 下 自 由 命 名 。 
ip_wounds|重 傷 
ip_wounds_text|在 較 大 城 鎮 的 醫 師 可 以 在 獲 得 報 酬 的 前 提 下 為 你 療 傷 ， 這 將 花 費 數 天 時 間 ， 此 後 所 有 的 負 面 狀 態 將 被 移 除 。 如 果 未 得 到 及 時 治 療 ， 傷 口 將 轉 變 為 疤 痕 ， 而 負 面 狀 態 將 永 久 存 在 。 
ip_traits|特 性 
ip_traits_text|當 你 達 到 15級 的 時 候 ， 根 據 你 的 技 能 選 擇 可 以 得 到 其 中 一 個 特 性 :^^狂 戰 士： 進 入 狂 暴 模 式 後 你 會 在 戰 斗 中 得 到 速 度 和 力 量 加 成 ， 這 種 狂 暴 狀 態 會 讓 你 視 野 變 紅 。 ^^激 勵： 這 個 技 能 會 在 戰 斗 中 增 加 你 的 統 御 ， 你 的 戰 吼 會 加 強 你 的 部 隊 的 戰 斗 力 。 ^^堅 韌： 這 個 技 能 會 讓 你 的 部 隊 移 動 得 更 快 ， 在 戰 斗 中 增 加 敏 捷 。 ^^強 壯： 你 會 一 直 保 持 部 隊 的 盾 牆 狀 態 ， 護 甲 也 會 更 堅 硬 ， 從 而 使 得 敵 人 難 以 對 其 造 成 傷 害 。 ^^使 用 T鍵 來 在 戰 場 中 發 動 特 性 。 
ip_recruitment|征 募 系 統 
ip_recruitment_text|維 京 征 服 中 不 是 自 動 征 募 ， 而 是 取 決 於 一 系 列 的 因 素 。 首 先 ， 你 需 要 獲 得 許 可 才 能 在 村 莊 、 城 堡 、 鎮 子 來 征 募 士 兵 。 你 需 要 從 村 長 老 或 者 村 子 領 主 那 裡 獲 得 許 可 ， 才 能 夠 在 村 莊 征 募 士 兵 。 至 於 城 鎮 ， 你 需 要 得 到 對 應 領 主 的 許 可 。 ^如 果 你 是 基 督 徒 ， 你 能 在 修 道 院 找 到 一 些 士 兵 ， 也 有 一 定 的 機 會 在 農 場 找 到 願 意 跟 隨 你 的 人 。 要 想 獲 得 領 主 的 征 募 許 可 ， 你 需 要 有 足 夠 的 聲 望（ 150+ ） ， 和 領 主 及 其 陣 營 的 關 系 也 需 良 好 。 有 幾 種 方 式 從 村 長 老 那 裡 獲 得 許 可 。 高 聲 望（ 150+ ） 、 高 關 系（ 15+ ） 或 是 任 何 時 候 賄 賂 村 長 老 都 行 。 賄 賂 有 可 能 會 不 奏 效 ， 所 以 你 可 以 多 賄 賂 幾 次 。 獲 得 許 可 後 ， 只 要 你 和 這 裡 的 關 系 一 直 維 持 良 好 ， 就 可 以 隨 便 征 募 。 （ 重 要：因 為 關 系 降 低 ，你 的 征 募 權 可 被 撤 銷 ，）。在 村 莊 你 只 能 征 募 第 一 層 次 的 士 兵 。 如 果 你 和 這 裡 有 著 足 夠 高 的 關 系（ 60+） ， 那 你 就 可 以 征 募 第 二 層 次 的 士 兵 。 如 果 ^你 擁 有 了 這 個 村 莊 ， 當 你 和 村 莊 關 系 高 於 20時 ， 就 有 50%的 機 會 能 夠 征 募 第 二 層 次 的 士 兵 。 如 果 你 和 村 莊 的 關 系 夠 高（ 30+） ， 就 有 30%的 機 會 征 募 到 第 三 層 次 的 士 兵 。 你 所 能 征 募 的 最 大 數 量 取 決 於 你 和 ^這 裡 的 關 系 、 你 的 領 袖 技 能 、 你 的 魅 力 、 你 的 信 仰 以 及 村 莊 的 主 導 信 仰 ， 這 點 和 你 是 否 擁 有 這 個 村 莊 沒 有 關 系 。 
ip_wages|工 資 
ip_wages_text|維 京 征 服 裡 的 部 隊 工 資 主 要 受 到 玩 家 領 導 能 力 的 影 響 。 對 於 更 高 級 的 兵 種 ， 玩 家 的 說 服 技 能 可 能 會 很 有 用 處 ， 這 取 決 於 你 的 技 能 等 級 。 對 於 法 外 之 徒 的 兵 種 ， 比 如 強 盜 和 維 京 海 盜 ， 玩 家 的 聲 望 值 則 有 不 同 的 作 用 ， 如 果 玩 家 的 名 聲 低 於 惡 名 昭 著 ， 那 麼 他 們 的 工 資 將 打 折 扣 。 
ip_skills|技 能 和 屬 性 
ip_skills_text|當 你 在 維 京 征 服 裡 創 造 或 發 展 一 名 角 色 時 ， 你 需 要 注 意 角 色 的 技 能 和 屬 性 。 技 能 ， 比 如 說 服 或 領 導 ， 對 於 交 易 、 工 資 以 及 與 領 主 和 貴 族 小 姐 的 互 動 非 常 關 鍵 。 屬 性 ， 比 如 智 力 和 魅 力 ， 對 於 上 述 活 動 也 很 重 要 ， 還 會 影 響 到 你 的 婚 姻 和 領 導 能 力 。 ^^至 於 海 上 ， 則 有 三 項 重 要 的 技 能：「 提 督」 、「 導 航」 以 及「 掠 奪」 。 ^^提 督 技 能 水 平 決 定 了 你 所 能 控 制 的 船 只 數 量 。 在 等 級 一 時 ， 你 可 以 控 制 兩 艘 船 。 當 提 高 到 等 級 四 時 ， 你 所 能 控 制 的 船 只 達 到 最 大 值 ， 即 七 艘 。 ^^導 航 技 能 允 許 你 在 海 上 更 快 地 移 動 ， 相 當 於 陸 上 的 追 蹤 技 能（ 提 醒 一 下 ， 追 蹤 技 能 對 於 海 路 沒 有 幫 助） 。 ^^更 高 的 掠 奪 技 能 等 級 將 提 高 你 俘 虜 敵 人 船 只 的 幾 率 。 ^
ip_tactical_controls|戰 術 控 制 
ip_tactical_controls_text|使 用 數 字 鍵 來 選 擇 隊 列 ， 按 0選 擇 所 有 部 隊 。 ^^使 用 F1-F4來 命 令 已 經 選 定 的 隊 列 。 按 住 F1來 安 置 所 選 擇 的 隊 列 。 你 可 以 通 過 如 上 機 制 鎖 定 敵 人 的 部 隊 。 ^^按 回 車 鍵 來 啟 動 戰 略 俯 視 視 角 。 ^^按 BACKSPACE 鍵 來 啟 動 帶 雷 達 的 戰 斗 命 令 提 示 。 ^^按 H 鍵 來 喚 馬（ 需 求 騎 術 至 少 4點） 。 ^^按 Z 鍵 蹲 下 。 ^^按 住 攻 擊 鍵 時 按 下 防 御 鍵 ， 可 以 嘲 諷 對 手 。 ^^按 住 防 御 鍵 時 按 下 攻 擊 鍵 ， 可 以 打 出 一 個 盾 擊 。 ^^在 聯 機 模 式 中 ， 按 住 Q鍵 並 且 按 下 防 御 鍵 ， 可 以 讓 你 嘲 諷 對 手 。 
ip_division_placement|隊 列 部 署 
ip_division_placement_text|當 僅 選 定 了 一 支 隊 列 時 ， 其 前 列 的 中 心 選 定 為 標 記 的 點 。 ^^當 選 定 了 不 止 一 支 隊 列 時 ， 他 們 會 以 玩 家 為 標 記 的 點 分 散 開 來 。 ^^你 可 以 通 過 F2 ， F7來 部 署 選 定 的 隊 列 。 默 認 的 隊 列 部 署 是 步 兵 在 左 翼 ， 騎 兵 在 右 翼 ， 列 隊 前 進 。 玩 家 可 以 通 過 隊 列 部 署 選 項 菜 單 來 選 擇 親 自 領 隊 取 代 所 有 的 既 定 隊 列 部 署 。 ^^如 果 已 經 設 置 了 營 地 菜 單 ， 所 有 隊 列 會 輪 流 迎 敵 。 否 則 ， 他 們 會 保 持 玩 家 的 隊 列 部 署 。 
ip_formations|陣 型 
ip_formations_text|戰 斗 菜 單 中 的 陣 型 如 下： ^^- 長 蛇 陣 ， 最 好 的 隊 伍 將 會 被 放 置 在 前 列 。 ^- 盾 牆 陣 ， 持 盾 的 戰 士 將 會 被 放 置 在 前 列 ， 長 武 器 會 在 其 後 掩 護 。 ^- 楔 形 陣 ， 最 好 的 隊 伍 會 被 放 置 在 前 列 。 ^- 方 形 陣 ， 沒 有 特 定 的 順 序 。 ^- 無 陣 型 。 ^^即 使 是 在 無 陣 型 的 情 況 下 ， 玩 家 也 可 以 通 過 命 令 隊 伍 緊 密 站 隊 來 將 他 們 組 織 成 四 行 。 
ip_dog_companion|犬 類 同 伴 
ip_dog_companion_text|當 你 在 四 處 徘 徊 神 游 時 ， 如 果 突 然 聽 見 一 陣 犬 吠 ， 並 且 很 幸 運 的 隨 身 帶 著 一 根 香 腸 。 這 就 將 開 啟 一 段 友 誼 。 你 的 犬 類 同 伴 會 不 離 你 左 右 ， 即 便 是 在 戰 場 上 ， 並 且 你 可 以 為 他 命 名 。（ 在 戰 場 上 ， 你 的 狗 會 被 放 置 在 隊 列 9 。） 給 它 好 的 食 物 ，你 的 犬 類 同 伴 的 技 能 和 能 力 可 以 提 高 。
ip_rents|地 租 
ip_rents_text|你 的 每 個 領 地 都 會 生 產 地 租 。 從 長 遠 來 看 ， 地 租 是 平 均 且 穩 定 的 ， 但 是 支 付 頻 率 是 變 動 的 。 有 時 候 你 每 周 都 能 獲 得 地 租 ， 但 是 也 有 些 時 候 好 幾 周 你 都 會 一 無 所 獲 。 如 果 地 租 沒 有 在 正 常 時 間 交 付 ， 在 你 的 財 務 決 算 中 會 標 注 出 你 應 獲 而 未 支 付 的 地 租 。 如 果 村 莊 或 者 城 鎮 被 劫 掠 乃 至 洗 劫 一 空 。 你 的 財 務 決 算 中 會 標 注 出 當 前 無 可 用 地 租 。 當 你 的 領 地 從 劫 掠 中 恢 復 正 常 ， 會 繼 續 產 生 地 租 。 地 租 會 受 到 繁 榮 度 、 特 殊 建 築 、 宗 教 信 仰 、 稅 率 和 游 戲 難 度 的 影 響 。 特 殊 建 築 可 以 在 領 地 遭 到 劫 掠 後 仍 然 繼 續 產 生 地 租 。 
ip_quarters|崗 哨 
ip_quarters_text|崗 哨 可 以 讓 你 放 置 一 些 你 的 隊 伍 在 大 地 圖 上 的 特 定 地 點 。 你 可 以 最 多 擁 有 兩 個 崗 哨 。 ^^在 以 下 情 況 下 ， 崗 哨 會 很 有 用： ^- 當 你 需 要 乘 船 ， 但 是 你 付 不 起 所 有 人 的 船 票 。 ^- 當 你 的 船 的 容 量 不 足 以 一 次 承 載 你 隊 伍 中 所 有 人 。 ^- 當 你 需 要 潛 行 進 一 座 城 鎮 。 ^- 當 你 需 要 快 速 行 軍 。 
