menu_start_game_0|Brytenwalda 1.41 - HOMB 1.0.7.1.3  Molda(http://loogoos.tistory.com) 비가 온다. 차다. 걱정도 잠시, 옛 일을 떠올리기 시작한다...
mno_introduccion|서장 보기
mno_continue|계속...
mno_go_back|뒤로 가기
menu_start_phase_2|brytenwalda를 기반으로 수정해서 만든 서브모드. 게임의 개념에서 게임 설명을 반드시 읽어보시오.
mno_town_1|영국의 런던으로 간다.
mno_town_2|고르왕조의 델리로 간다.
mno_town_3|카스티야의 세비야로 간다.
mno_town_4|조선의 평양으로 간다.
mno_town_5|서하의 흥경으로 간다.
mno_town_6|위나라의 업으로 간다.
menu_start_game_3|당신의 시나리오를 선택하세요:
menu_tutorial|훈련소로 가서 전투 방법을 배운다.
mno_go_back_dot|뒤로 가기
menu_reports|캐릭터 명성: {reg5}^평판: {reg6}^파티 사기: {reg8}^파티 인원 제한: {reg7}^
mno_view_character_report|캐릭터 정보 보기.
mno_view_party_size_report|파티 인원 제한 정보 보기.
mno_view_npc_mission_report|동료 임무 보기.
mno_view_weekly_budget_report|주간 수입 지출 내역 보기.
mno_view_morale_report|파티 사기 결정 요소 보기.
mno_economia_rp|유닛 업그레이드 트리, 도시발전도와 스파이 리포트 보기
mno_view_bank_report|재정보고서 보기
mno_lord_relations|군주들 보기.
mno_courtship_relations|구애 관계 보기.
mno_Companions_overview|동료 정보 보기.
mno_view_faction_relations_report|팩션 관계 보기.
mno_view_player_companion_report|플레이어와 동료 정보 보기.
mno_resume_travelling|[여행을 계속한다.]
menu_custom_battle_scene|(NO TRANS)
menu_custom_battle_end|전투가 끝났습니다. {s1} 아군의 피해 {reg5} 적들의 피해 {reg6} . 당신의 개인적은 slew는 {reg7} 입니다.
mno_restart|Restart.
menu_start_game_1|성별을 고르시오.
mno_start|캐릭터 생성
mno_quit|취소
mno_start_male|남자
mno_start_female|여자
menu_start_character_1|당신은 몇 년 전 먼 곳에서 태어났다. 당신의 아버지는...
mno_start_noble|몰락 귀족.
mno_start_merchant|여행 상인.
mno_start_guard|베테랑 전사.
mno_start_forester|사냥군.
mno_start_nomad|유목민.
mno_start_thief|도둑.
menu_start_character_2|{s10}^^ 당신이 걸음마를 시작하고 세상에 대해 깨우쳐 갈 때 당신이 삶은...
mno_page|귀족 하인.
mno_apprentice|기술자의 조수.
mno_stockboy|가게 점원.
mno_urchin|양아치.
mno_nomad|초원의 아이.
menu_start_character_3|{s11}^^ 그리고 늘 그렇듯이 청년기는 남달랐습니다. 당신은...
mno_squire|종자.
mno_lady|시녀.
mno_troubadour|서정 시인.
mno_student|대학생.
mno_peddler|짐꾼.
mno_craftsman|대장장이.
mno_poacher|밀렵꾼.
menu_start_character_4|{s12}^^그러나 어떤 일로 인해 모든 것이 바뀌어 버렸습니다. 당신이 모험을 선택하게 한 그 일은...
mno_revenge|복수.
mno_death|사랑을 잃어서.
mno_wanderlust|방랑벽.
mno_disown|집에서 쫒겨남.
mno_greed|돈과 권력에 대한 갈망.
menu_choose_skill|{s13}
mno_begin_adventuring|모험가가 되어 당신의 운명을 따르라.
menu_past_life_explanation|{s3}
mno_view_next|{s5}
menu_morale_report|{s1}
menu_courtship_relations|{s1}
menu_lord_relations|{s1}
menu_companion_report|{s7}{s1}
menu_character_report|{s9}
menu_party_size_report|{s1}
menu_faction_relations_report|{s1}
menu_camp|캠프를 설치합니다. 무엇을 할까요?^^-주의사항!-^^A)전투지휘는 미니맵상으로 클릭하는 방법이 가장 좋습니다. 궁수계열은 진형설정을 하지 않는 것이 좋습니다.^^B)컨트롤에서 미니맵보기 단축키 backspace를 V키로 바꾸면 플레이가 편해집니다.^^C)부상시스템은 제거 되었습니다..^^D)기병 유지비가 비싼 이유는 '기병으로 떡칠하고 시작하자마자 돌진만 하는 플레이'에서 벗어나기 위함입니다. 고티어 업그레이드 비용이 비싼것도 비슷한 이유입니다.^^----TIP----^^-병력을 모으려면 설득. 키우려면 훈련을 올리세요.(동료훈련중복됨)^^-플레이어용 손보호구의 방어력이 높은 이유는 밸런스를 편하게 조절하기 위함입니다.^^-컨트롤+스페이스를 누르면 이동시간이 가속됩니다.^^-도시에 땅을 사두면 소작농에게 임대료를 받을 수 있습니다. 직접 해당도시 부동산과 은행을 방문해야 돈을 받습니다.^^-전투기념비는 시장에서 돈과 명성으로 교환할 수 있습니다.^^-스파이는 통솔력이 1이상인 상태에서 사용 가능하고 도시에 우클릭해 나오는 메뉴로 침투/복귀 시킬수 있습니다.^^-당신이나 기수가 나팔을 불면 부대 전체 체력이 약간 회복됩니다.^^-단축키 - 쉬프트:확대 / 백스페이스:전술 / 1,2,3...:부대명령 / H:불화살 F12:빠른 저장 ^^-사기 조절은 음식종류를 다양화, 휴식, 예능스킬, 사제의 축복, 매춘부 등으로 관리합니다.^^-런타임 에러는 사양문제 입니다.^^-HOMB폴더의 battle sizer는 전투 규모를 늘리는 프로그램입니다.^^-용병대장으로 추가부대를 운영할 수 있습니다.^^-사양이 부족하면 다이렉트X 7로 구동해보세요.^^-전투시 부대순서 위에서 차례대로 출격합니다. 매춘부나 치료전문가는 아래쪽에 두는 것이 좋습니다.^^-부대인원수에 영향을 주는 요소는 카리스마(1당 1증가) 명성(20당 1증가) 뿐입니다. 부대인원 밸런스는 단일부대로 여러부대 쓸고다니는 것을 최대한 막는 것으로 설정 되었습니다. 고로 아무것도 없이 혼자 왕국 만들면 금방 무너집니다. 충분한 준비를 해서 다른 영주와 협력하거나 대화로 이끌고 다녀야 합니다.^^-플레이어는 능력치를 높게 가지고 시작합니다. ^^-기본 능력치나 스킬에 적용에 관련된 스크립트가 네이티브와 다르기때문에 트윅을 함부로 사용하면 에러가 발생합니다 99%. ^^-전투에 패배해 붙잡혀도 동료가 흩어지지 않습니다. ^^-왕위주장자를 동료처럼 사용가능한 문제가 있어서 여포와 윌리엄 왈레스를 강하게 만들수가 없었습니다.^^-현악기나 악기가 인벤에 있으면 예능에 보너스가 생깁니다.^^-동료는 강력한 병력입니다. 카리스마, 설득, 돈을 가지고 있다면 파티탈퇴를 막을 수 있습니다.^^-여성 캐릭 얼굴 설정시 깨지는 것은 버그가 아니라 해당 스킨에 맞는 헤어가 따로 있어서 그렇습니다. 스킨이 아예 없는 것도 필요한 설정입니다.^^^-알려진 버그-^^A)성 돌아다닐 때 주인공 클론 생성->대화해서 선택지를 누르거나 하지 않는게 좋음.^^B)납치 퀘스트를 도적퇴치로 하면 완료 불가할 때가 있음.^^C)현상금퀘가 두개 선택지가 되면서 완료 안될 때가 있음^^D)일부 지역에서 야간 침투시 마을사람에게 말걸면 튕김. 낮에 침투하면 됨.
mno_dplmc_camp_preferences|모드 옵션 설정.
mno_religion_preferences|내 종교가 뭐였더라?.
mno_heridas_actuales|내 건강상태는?.
mno_camp_action|특별한 행동을 한다.
mno_camp_wait_here|[이곳에서 잠시 대기한다]
mno_camp_fishing|2시간 동안 낚시한다. (수렵채집).
mno_action_change_party_name|당신은 파티의 이름을 변경할 수 있습니다.
mno_action_manage_outposts|비밀 주둔지 관리.
mno_camp_inspect|캠프 안을 돌아다닌다.
mno_camp_entrench|{s1}
mno_camp_set_ambush|매복을 준비한다.
mno_camp_set_sneaking|기습을 위해 은밀기동한다.
mno_camp_stop_sneaking|은밀기동을 중지한다.
mno_loot_wagon_options|수송마차 관리.
mno_loot_wagon_build|수송마차 새로 만들기.
mno_loot_wagon_eliminar|수송마차 해체하기.
mno_get_position| Cheat: get last camp position.
mno_camp_cheat|CHEAT MENU!
menu_camp_cheat|Select a cheat:
mno_camp_cheat_find_item|날씨 바꾸기..
mno_camp_action_4|캠프메뉴로 돌아가기.
menu_camp_action|행동을 선택하세요:
mno_action_view_upgrade_trees|업그레이드 트리 보기.
mno_camp_recruit_prisoners|포로들 중 일부를 파티로 받아들인다.
mno_action_read_book|읽을 책 선택하기.
mno_action_rename_kingdom|왕국 명칭 변경.
mno_jump_to_scene|debug: test scene menu
mno_camp_smoke_food|가방에 있는 음식재료를 불에 익힌다.
mno_action_modify_banner|깃발을 변경한다.
mno_action_retire|은퇴하기.
menu_camp_recruit_prisoners|포로들이 당신에게 합류하기를 희망한다면 그들에게 자유를 줍니다. {s18}
mno_camp_recruit_prisoners_accept|받아들인다.
mno_camp_recruit_prisoners_reject|거절한다.
menu_camp_no_prisoners|전향시킬 포로가 없습니다.
menu_camp_action_read_book|책을 선택하시오:
mno_action_read_book_1|{s1}.
mno_action_read_book_2|{s1}.
mno_action_read_book_3|{s1}.
mno_action_read_book_4|{s1}.
mno_action_read_book_5|{s1}.
mno_action_read_book_6|{s1}.
mno_action_read_book_7|{s1}.
menu_camp_action_read_book_start|{s1}
menu_export_import_npcs|동료를 선택하시고 캐릭터창(기본키C)을 열고 통계란에서 내보내기/불러오기를 해주세요. ^^{reg0?{s0}:none}을(를) 선택하셨습니다.
mno_export_import_back|뒤로 가기
mno_export_import_npc1|{s0}
mno_export_import_npc2|{s0}
mno_export_import_npc3|{s0}
mno_export_import_npc4|{s0}
mno_export_import_npc5|{s0}
mno_export_import_npc6|{s0}
mno_export_import_npc7|{s0}
mno_export_import_npc8|{s0}
mno_export_import_npc9|{s0}
mno_export_import_npc10|{s0}
mno_export_import_npc11|{s0}
mno_export_import_npc12|{s0}
mno_export_import_npc13|{s0}
mno_export_import_next|다음 페이지
menu_export_import_npcs_2|동료를 선택하시고 캐릭터창(기본키C)을 열고 통계란에서 내보내기/불러오기를 해주세요.^^{reg0?{s0}:none}.을(를) 선택하셨습니다.
mno_export_import_prev|이전 페이지
mno_export_import_npc14|{s0}
mno_export_import_npc15|{s0}
mno_export_import_npc16|{s0}
mno_export_import_npc17|{s0}
mno_export_import_npc18|{s0}
mno_export_import_npc19|{s0}
mno_export_import_npc20|{s0}
mno_export_import_npc21|{s0}
mno_export_import_npc22|{s0}
mno_export_import_npc23|{s0}
mno_export_import_npc24|{s0}
mno_export_import_npc25|{s0}
mno_export_import_npc26|{s0}
menu_retirement_verify|당신은 {reg0}만큼의 시간을 보냈습니다. 당신의 현재 행운은 {reg1}. 정말로 은퇴하겠습니까?
mno_retire_yes|네.
mno_retire_no|아니오.
menu_end_game|당신의 결정대로, 모험을 그만두고 정착생활을 시작합니다. 무기와 갑옷을 팔아치우고, 말을 타고 석양을 향해 달려갑니다....
mno_end_game_bye|잘 가쇼.
menu_cattle_herd|소를 데려가야 합니다.
mno_cattle_drive_away|소를 몰고 간다.
mno_cattle_stop|정지 시킨다.
mno_cattle_kill|일부를 도축한다.
mno_leave|[떠난다]
menu_cattle_herd_kill|몇 마리를 도축하겠습니까?
mno_cattle_kill_1|하나.
mno_cattle_kill_2|둘.
mno_cattle_kill_3|셋.
mno_cattle_kill_4|넷.
mno_cattle_kill_5|다섯.
mno_cattle_kill_20|스물.
menu_arena_duel_fight|당신과 상대는 결투를 준비합니다.
menu_duel_menu|{s1}{s2}
mno_start_fight|결투 시작.
menu_simple_encounter|{s2} ^{s15}
mno_ambush_attack|기습공격 개시.
mno_sneaking_attack|{s1}은밀 공격 개시.
mno_encounter_attack|접근하여 공격.
mno_encounter_order_attack|당신을 제외하고 부대만 돌격.
mno_tactical_nuevo|전투 전 특별한 행동을 한다.
mno_quit_juego_sin_salvar|Quit game (will not save).
mno_coop_use_result|멀티플레이어 전투 결과 보기.
mno_encounter_leave|[떠난다]
mno_encounter_retreat|일부를 남기고 후퇴한다(도망).
mno_encounter_surrender|항복.
mno_force_presentation|가까운 부대를 알아본다.
mno_begin_duel|결투 시작
menu_encounter_retreat_confirm|전략기술이 가장 높은 파티원에 따르면, ({reg2}), {reg3?you devise:{s3} devises} 당신과 동료들이 안전하게 퇴각하기 위해서는 {reg4} 명의 인원을 뒤에 남겨야 합니다.
mno_leave_behind|퇴각 한다. 희생은 불가피하다.
mno_dont_leave_behind|퇴각하지 않는다. 아무도 희생시킬 수 없다.
menu_encounter_retreat|당신은 {reg4} 명의 인원에게 적을 붙잡아 두라고 명했습니다.
menu_order_attack_begin|(당신을 제외한) 부대는 전투가 준비 되었습니다.
mno_order_attack_begin|공격 시작.
mno_call_back|공격 중지. 부대를 불러들인다.
menu_order_attack_2|{s4}^^아군 피해: {s8}^^적군 피해: {s9}
mno_order_attack_continue|공격을 계속하도록 명령한다.
mno_order_retreat|공격 중지. 부대를 불러들인다.
menu_battle_debrief|{s11}^^아군 피해:{s8}{s10}^^적군 피해:{s9}
menu_total_victory|당신은 이것을 읽을 수 없습니다... {s9}
menu_enemy_slipped_away|{s17}
menu_permanent_damage|anti cheat 모드가 가동중입니다.^^부정행위가 누적 되면 도적을 포함한 모든 부대의 인원수가 뒤죽박죽이 되어 게임진행이 이상해집니다. (사용 한 적이 없다면 상관없음)
mno_s0|{s0}
menu_pre_join|당신은 {s2}와 {s1}의 전투 현장에 끼어들었습니다. 당신의 선택은...
mno_pre_join_help_attackers|{s2}를 돕기 위해 이동한다.
mno_pre_join_help_defenders|{s1}를 구원하기 위해 돌진한다.
mno_pre_join_leave|전투에 참여하지 않는다.
menu_join_battle|당신은 {s1}에 대항하여 {s2}를 돕기로 했습니다. 당신은 {reg10}명의 병력으로 {reg11}명의 적군에 대항합니다.
mno_join_attack|적에게 돌입한다.
mno_join_order_attack|(당신을 제외하고) 부대에게 공격을 명령한다.
mno_quit_game_will_save|Quit game (will not save).
mno_join_leave|[떠난다]
mno_join_wounded|뒤로 물러나 휴식을 취한다.
menu_join_order_attack|{s4}^^아군 피해: {s8}^^동맹군의 피해: {s9}^^적의 피해: {s10}
menu_zendar|Zendar로 들어간다.
mno_zendar_enter| 
mno_zendar_enter_door|마을 입구.
mno_zendar_tavern| 
mno_zendar_tavern_door|주점으로 가는 문.
mno_zendar_merchant| 
mno_zendar_merchant_door|상인에게 가는 문.
mno_zendar_arena| 
mno_zendar_arena_door|투기장로 향하는 문.
mno_town_1_leave| 
menu_salt_mine|작은 채광 캠프에 도착했다.
mno_enter|들어간다
mno_enter_door|암염갱 캠프에서 나간다.
mno_talk_merchant|광산의 상인과 대화한다.
mno_talk_merchant_door|캠프에서 나간다.
mno_work_mines|{s1} 자원해서 광산 일을 한다.
mno_add_prisoners|{s1} 죄수들을 광산에서 일하게 한다.
mno_add_guards|{s1} 가드를 두어 죄수들을 관리한다.
menu_slave_labor|{s1}
menu_four_ways_inn|네 갈래길 여관에 도착했다.
menu_celidon_forest|셀리돈 숲에 도착했다.
mno_service_recruit|당신에게 합류할 거주민이 있는지 알아본다.
menu_hidden_valley|아름다운 산골짜기에 도착했다.
menu_cueva_odin|당신은 동굴에 도착했다...
menu_iniau_hideout|깊은 숲에 도착했다.
menu_hadrian_wall1|당신은 성벽 폐허에 도착했다.
menu_quarry1|당신은 광산에 도착했다, 인부들이 작업중이다.
mno_work_quarry|직접 광산에서 일한다 {s1}.
menu_monasterio_visit|수도원에 도착했다. 넓고 길게 이어져 있고, 수도승과 하인들의 방이 있다, 큰 정원에 꽃이 만개하다. 이 장소는 많은 부를 쌓고 있음에 틀림없다.
mno_enter_interior|수도원장과 면담한다.
mno_enter_interior_door|투기장로 향하는 문.
mno_monasterio_recruit|당신에게 합류할 사람이 있나 알아본다.
mno_pray|기도하고 기부한다. (50 실버).
mno_aprender_leer|문자를 배운다. (4000 실버).
mno_donate|많은 돈을 기부한다. (2500 실버).
mno_convertir| 유일신교로 개종한다.
mno_pillage_monastery|수도원을 약탈하고 모든 성직자를 죽인다음 불태운다!
menu_test_scene|You enter the test scene.
mno_jump|Jump to scene
menu_dhorak_keep|Dhorak Keep에 도착했다
menu_join_siege_outside|{s1}은 {s2}에 의해서 포위되었습니다.
mno_approach_besiegers|공성 캠프로 간다.
mno_pass_through_siege|공성진을 지나 {s1}로 간다.
menu_cut_siege_without_fight|포위자들은 전투 없이 당신이 문까지 가게 뒀습니다.
menu_besiegers_camp_with_allies|{s1}은 포위된 상태입니다. {s2}의 깃발이 당신을 환영하는 포위자들의 캠프 위로 펄럭입니다.
mno_talk_to_siege_commander| 사령관과 만나기를 요청한다.
mno_join_siege_with_allies|다음 전투에 참전한다.
mno_join_siege_stay_back|당신 없이 다음 전투에 참전하라고 명령한다.
mno_quit_game_will_not|Quit game (will not save).
menu_castle_outside|당신은 {s2}의 야외에 있습니다.{s11} {s3} {s4}
mno_approach_gates|성문으로 다가가 보초에게 소리친다.
mno_town_sneak|정체를 숨기고 {s7}안으로 잠입한다
mno_dplmc_riot_start_siege|저항 세력에 대응하기 위해 {reg6?도시를:성을}포위한다.
mno_dplmc_riot_negotiate|협상을 진행한다.
mno_castle_start_siege|{reg6?도시를:성을} 포위한다.
mno_castle_leave|[떠난다]
menu_castle_guard|당신은 입구에 접근했다. 성벽 위의 경비병이 당신을 내려다 보고 있다.
mno_request_shelter|성안으로 들어갈 것을 요청한다.
mno_persuade_center_surrender_with_town_lord|당신과 {s11} 는 그들을 항복하도록 설득한다.
mno_take_lord_as_hostage|당신은 {s12} 를 요구했다, {s11} 의 복귀를 댓가로.
mno_request_meeting_commander|누군가 만날 것을 요청한다.
mno_guard_leave|[떠난다]
menu_castle_entry_granted|짧은 기다림 후, 보초는 당신과 당신의 부대를 안으로 들여보냈습니다.
menu_castle_entry_denied|성의 성주가 당신이 안으로 들어오는 것을 거절했고, 보초 장교는 더 이상 가까이오면 사격 하겠다고 알렸습니다.
menu_castle_meeting|누구와 만나길 원하십니까?
mno_guard_meet_s5|{s5}.
mno_forget_it|그만둔다.
menu_castle_meeting_selected|당신의 요청이 안으로 전해졌고, 마침내 {s6}이(가) 당신과 이야기하기 위해 안뜰로 나왔습니다.
menu_persuade_center_surrender|{reg30?당신과 {s11} 는 {s12} 를 압박해 항복시키는데 성공했다!:당신이 {s12} 를 항복하도록 만들었지만, {s11} 는 당신에게 합류하지는 않을 것이다.({reg13})^Your efforts were not crowned with success.}
menu_persuade_center_surrender_2|{s20}^^{reg30?{s12} 는 {s11}의 안전한 귀환과 맞바꾸는 일에 동의하였다:{s12} censured for your base action. Your plot went wrong.}
menu_castle_besiege|당신은 {s1}을 포위하고 있습니다. 일반적으로 공성장비를 제작한 다음 공성 부대를 투입해야를 본격적인 전투에 임할 수 있습니다. {s2} {s3}
mno_siege_request_meeting|성의 지휘관과 만나기를 요청한다.
mno_wait_24_hours|내일까지 기다린다.
mno_siege_warfare|공성전략 수립 및 수행
mno_siege_assault|공성전 및 공성준비
mno_siege_camp|현재 위치를 요새화한다.
mno_siege_camp_interupted|계속해서 현위치를 요새화한다.
mno_siege_camp_inspect|공성 캠프를 돌아본다.
mno_castle_lead_attack|전투에서 군사를 이끈다.
mno_attack_stay_back|당신이 뒤에 있을동안 공격하라고 명령한다.
mno_build_ladders|공성장비를 제작한다.(필수)
mno_build_siege_tower|공성탑을 짓는다.(필수)
mno_build_battering_ram|공성추를 제작한다.(필수)
mno_lift_siege|포위를 포기한다.
menu_deer_herd|당신은 사슴무리와 마주쳤다.
mno_deer_kill|사냥을 시작한다.
menu_deer_herd_kill_end|도저히 셀 수 없습니다.
menu_coat_herd|염소무리와 마추쳤다. They belong to the flock of a pastor who swings his sling at you until you move away.
menu_coatb_herd_kill_end|도저히 이것을 셀 수 없습니다.
menu_coatb_herd|염소무리와 마주쳤다.
mno_coatb_kill|사냥한다.
menu_boar_herd|멧돼지 무리와 마주쳤다.
mno_boar_kill|사냥한다.
menu_boar_herd_kill_end|당신은 이것을 셀 수 없습니다.
menu_wolf_herd|늑대무리와 마주쳤다.
mno_wolf_kill|사냥한다.
menu_wolf_herd_kill_end|당신은 이것을 셀 수 없습니다.
menu_wilddonkey_herd|야생 당나귀 무리와 마주 쳤습니다.
mno_wilddonkey_kill|사냥한다.
menu_wilddonkey_herd_kill_end|당신은 이것을 셀 수 없습니다.
menu_siege_plan|당신은 참모들과 만나 최소의 인원으로 도시를 함락시킬 방법을 계획했습니다. 전략에 오랜 시간이 소요될 경우 그 동안 자금과 식량과 사기가 감소됩니다.^^{s15}^{s16}^{s17}^{s18}^{s19}^{s20}
mno_town_investigar|(당신이 직접) 잠입해 {s7}의 정보를 수집한다.
mno_traicion_interna|부하를 침투시켜 {s7} 에서 정보를 수집한다.
mno_traicion_interna3|도시에 대한 정보라도 있소?
mno_build_circunvalation|포위망을 구축하여 물자와 수비병력이 보충되는 것을 차단한다. (130명 필요).
mno_close_circunvalation|당신의 부하들이 포위망을 구축했습니다.
mno_infiltracion_interna|소수인원을 침투시켜 {s7} 방어에 타격을 입힌다.
mno_infiltracion_interna3|침투한 인원은 어떤 행동을 하고 있소?
mno_closed_port|운송 수로 봉쇄 / 수로침입 (130명 필요).
mno_closed_port2|선박과 부대원들이 수로를 침투하기 위해 준비되었습니다.
mno_closed_port3|수로공격 (운송 수로를 통해 거주지를 공격)
mno_build_varios|위생소를 설치해 질병발발을 막는다.
mno_destruir_campos_a|인근 농장을 약탈하고 파괴한다 (적들의 식량 상황을 악화).
mno_destruir_campos_b|농장을 파괴하라고 보낸 인원은 뭐하고 있소?
menu_siege_assault|공성전을 벌이기에 적합한 때가 되었다. 공성전투를 진행하기 위해서는 (1,공성장비를 제작)하고 (2,공성 부대를 투입)한 다음 (3,전투에 진입)해야한다. (화살방패)가 있으면 공성 부대의 피해를 줄일 수 있다.^^{s17}^^{s18}
mno_scout_investigar| {s7}의 방어정보를 수집하기 위해 정찰대를 보낸다.
mno_build_mantlet|공성 부대를 위한 화살방패 제작 (투입시 피해 감소)
mno_poniendo_elementos|(필수) 공성 부대를 투입해 본부대의 진입로를 확보한다.
mno_poniendo_elementos_mantles|(필수) 화살방패를 지닌 공성 부대를 투입해 진입로를 확보한다.
mno_closed_port4|수로 침투: 당신의 부대원은 침투 준비되었습니다.
menu_siege_attack_meets_sally|방어군은 당신을 공격하러 성밖으로 출격했습니다.
menu_siege_defenders_running_low_food_sally_drive_off_siege|군량부족, 일부 방어병력들은 공성진을 지나 뿔뿔이 흩어 지기 시작합니다.
menu_siege_defenders_starved_give_up|아사지경, 일부 방어병력들은 죽기보다 항복하기를 선택 합니다.
menu_castle_besiege_inner_battle|{s1}
menu_construct_ladders|부대원이 가진 가장 높은 기술자 스킬 ({reg2})로, {reg3?당신은:{s3}은(는)} 공격을 위한 공성장비를 만드는데 {reg4}시간이 걸릴 것이라고 어림했습니다.
mno_build_ladders_cont|실행한다.
menu_construct_siege_tower|부대원이 가진 가장 높은 기술자 스킬 ({reg2})로, {reg3?당신은:{s3}은(는)} 공성탑을 만드는데 {reg4}시간이 걸릴 것이라고 어림했다.
mno_build_siege_tower_cont|건설을 시작한다.
menu_battering_ram|부대원중 가장 높은 기술자 스킬 ({reg2}), {reg3?에 따르면:{s3} 에 따르면} 충차를 만들고 돌입시키는 것에 {reg4} 시간 소요.
mno_build_battering_ram_cont|충자제작을 시작한다.
menu_build_mantles2|부대원중 가장 높은 기술자 스킬 ({reg2}), {reg3?에 따르면:{s3} 에 따르면} 에 따라 화살방패를 만드는 것에 {reg4} 시간 소요.
menu_castle_attack_walls_simulate|{s4}^^아군 피해:{s8}^^적군 피해: {s9}
menu_castle_attack_walls_simulate2|{s4}^^아군 피해:{s8}^^적군 피해: {s9}
menu_sneak_into_town_suceeded2|위장으로 마을에 침투했다 . 이제 정보를 수집할 시간이다.
menu_construct_saneamiento|위생소는 질병발발을 막는다. 가장 높은 기술자스킬  ({reg2}), {reg3?에 따르면:{s3} 에 따르면} {reg4} 시간 소요된다.
mno_build_saneamiento|실행.
menu_construct_circunvalation|부대원의 가장 높은 기술자스킬 ({reg2}), {reg3?에 따르면:{s3} 에 따르면} 포위망을 구축하는 일에 {reg4} 시간 소요된다. 포위망은 적의 물자와 병력을 차단한다. 그리고 공성전이 발발했을때 적들의 사기를 떨어트린다.
mno_build_circun_cont|실행.
menu_block_port|해상봉쇄를 실행하려면 용병을 고용하고 배를 수배해야 한다. 가장 높은 약탈 기술 ({reg2}), {reg3?에 따르면:{s3} 에 따르면} {reg4} 시간 소요된다.
mno_requise_ships|실행.
menu_traicion_interna2|적을 격멸하기위해 공성작업을 시작했다. 일부 병사들이 {s7} 의 거주민과 접촉한 끝에 그들에게 조금의 재화를 준다면 방어를 무너뜨리는 일에 협력한다고 하였다. 그들은 500실버를 요구했다^^가장 높은 추적술 기술 ({reg2}), {reg3?에 따르면:{s3} 에 따르면} 도시에 잠입해 내부협력자를 알아보는 일에 {reg4} 시간 소요된다.
mno_intentar_traicion|병력들을 보내고 내부 협력자를 알아본다.
menu_infiltracion_interna2|포위망은 방어자들을 황폐화 시키기 시작했다. {s7} 를 무너뜨리기 위해 다른 선택이 있는데 특수공작대를 보내 방어를 무력화 시키고, 저장된 식량과 우물을 불태우고 오염시키는 것이다. 이것은 어렵고 위험한 일이다. 높은 확률로 아무런 이득이 없을 수 있지만, 성공했을대 돌아오는 이익도 매우 크다. 이 행동을 위해서느 600실버가 필요하다^^ 가장 높은 추적술 ({reg2}), {reg3?에 따르면:{s3} 에 따르면} {reg4} 시간 소요된다.
mno_intentar_infiltracion|병력을 침투시킨다.
menu_port_battle1|함선을 항구로 전진시킨다, 상선들과 적 함선들을 밀어붙이기 시작한다.
mno_back_to_siege|항구봉쇄.
menu_port_battle2|함선을 항구로 돌입시키는 동안 약간의 저항이 있었지만 항구를 봉쇄하는 것에 성공하였다. ^^아군피해:{s8}^^적군피해: {s9}
menu_port_battle3|함선을 전진시키자 적 상단이 도망쳤다. 그들을 뒤쫓다 그만 사슬함정에 배가 묶여 오도가도 못하는 신세가 되었다.겨우 사슬을 끊고 도망치는 것에 성공했지마 항구봉쇄는 실해했다.^^아군피해:{s8}^^적군피해: {s9}
menu_port_battle4|함선을 전진시키자 적상단이 도망쳤다. 항구는 이제 봉쇄되었다.
menu_port_battle5|적들이 아군 함선을 막기위해 사슬을 설치한것을 발견하였다. 사슬을 파괴하고 항구를 무사히 봉쇄하였다.
menu_port_battle6|적군이 아군 함선을 감지하고 미리 함대를 보내 차단을 시도했다. 배가 불타고 선원들이 죽었다. ^^아군 피해:{s8}^^적군 피해: {s9}
mno_cowards|제길!.
menu_port_battle7|당신의 함선은 야음을 틈타 공격하였고, 적을 완전히 놀라게해 도망치게 만들었다. 아무런 피해없이 항구를 봉쇄하였다.
menu_port_battle8|아군의 서투른 함대는 적군 함대의 쉬운 먹이감이 되었고, 하나하나 무너져 내려갔다, 결국 당신의 함대는 퇴각했다.^^아군 피해:{s8}^^적군 피해: {s9}
menu_traicion_resultado1|별다른 소식없이 돌아왔다, 내부에서 협력해줄 사람은 아무도 없다.
mno_back_behind|운이없군.
menu_traicion_resultado2|아군 침투조가 철수도중 적과 마주쳤습니다. 도망치고 있지만 사방에 적이있습니다...
mno_ayudar_infiltrados|명령: 부대를 보내 그들을 구원한다.
mno_leave_men|그들을 운명속에 내버려둔다. 감수한 위험이다.
menu_traicion_resultado3|당신의 침투조가 복귀했다. 내부협력자들과 침투조는 건물과 식량을 불태웠다. 이 행동으로 적들은 상당량의 식량을 잃었다.
menu_traicion_resultado4|당신으 침투조가 복귀했다. 내부협력자들중 요새로 침입하기 좋은 경로를 아는 사람이 있었고, 부가적인 침투조를 편성해 준다면 그들을 이끌어 기습하고 적들의 식수를 오염시킬 수 있다...
mno_atacar_emboscada|명령: 내부협력자에게 부대를 보내 기습을 실행한다.
menu_traicion_resultado5|당신의 침투조가 복귀했다, 그들은 적국의 유력자와 만나, 내부를 교란시켜 식량배급을 황폐화 하는 일에 협력을 얻어냈다.
mno_traicion_moral|완벽하군!
menu_infiltracion_resultado1|그들은 침투하지 못하고 그냥 돌아왔다.
menu_infiltracion_resultado2|아군 침투조가 들어가기도 전에 적과 마주쳤습니다. 사방에 적이있군요...
mno_ayudar_infiltrado|명령: 부대를 보내 그들을 구원한다.
menu_infiltracion_resultado3|침투조가 식량을 불태우고 식수를 오염시켰다. 적은 완전히 황폐화 되었다. 이제 그들의 항복을 받아들이는 일만 남았다.
menu_infiltracion_resultado4|침투조가 복귀했다. 도시의 시민들은 국가에 대한 불만에 차있고 상당수가 당신에게 협력하겠다고 한다. 당신이 허락한다면 밤에 도시를 떠나 당신에게 합류하겠다 한다. 또한 그들은 떠나기 전에 함락을 유용하게 하기위해 공작도 서슴치 않겠다고 한다.
mno_aceptar_si|그들을 받아들인다.
menu_infiltracion_resultado5|적들이 아군 침투조의 머리가 담긴 자루를 보내왔습니다. 공포에 질린 일부 병사들이 탈영하고 있습니다.
mno_infiltracion_moral|제길! 어떻게 머리담긴 자루따위로 겁먹고 도망친단 말인가?
menu_infiltrados_lucha|침투조가 성벽에서 적들과 싸우고 있습니다. 그들은 많은 희생을 내고 퇴각했습니다.^^아군 피해:{s8}^^적군 피해: {s9}
mno_regreso_lucha|잘해주었다.
menu_infiltrados_lucha2|침투조가 성벽에서 적들과 싸우고 있습니다. 그들은 많은 희생을 내고 퇴각했습니다.^^아군 피해:{s8}^^적군 피해: {s9}
mno_regreso_lucha2|잘해주었다.
menu_emboscada_nada|침투조가 식량저장고 근쳐로 향했지만 그곳에는 아무도 없었습니다. 그들은 실망한채 돌아왔습니다.
mno_emboscada_nanai|다른 기회가 있을 것이다.
menu_emboscada_lose|경보! 내부협력자가 침투조를 매복당하게 만들었습니다. 싸우고 싸웠지만 희망이 보이지 않습니다.^^아군 피해:{s8}^^적군 피해: {s9}
menu_emboscada_victory|내부협력자가 침투조를 이끌어 식수를 오염시키고 식량을 불태웠습니다, 또한 적군을 기숩하여 격퇴하였습니다. ^^전투의 함성이 울려퍼지고 적군들은 신음합니다...^^아군 피해:{s8}^^적군 피해: {s9}
menu_campos_cercanos1|농장을 약탈했지만 그곳에는 아무런 식량도 없었습니다.
mno_back_behind_d|잘했다.
menu_campos_cercanos2|농장을 약탈하고 식량를 가져왔습니다.
mno_back_behind_c|잘했다.
menu_campos_cercanos3|농장을 약탈하고 고기를 가져왔습니다.
mno_back_behind_b|잘했다.
menu_campos_cercanos4|문제가 생겼다. 농장을 약탈하는 동안 수비병력의 구원이 있었다.^^아군 피해:{s8}^^적군 피해: {s9}
mno_back_behind_a|제길!
menu_poner_escaleras|당신의 부대원들은 공성장비를 사용했다...^^아군 피해:{s8}^^적군 피해: {s9}
mno_back_behind_esc1|당신의 부하들이 전투를 치뤘습니다. 이제 당신의 차례입니다...
menu_poner_escaleras_mantlets|당신의 부대원들은 공성장비를 사용했다... 화살방패로 적의 원거리 공격을 차단하기도 했다...^^아군 피해:{s8}^^적군 피해: {s9}
mno_back_behind_esc2|당신의 병사들이 돌파했습니다, 이제 당신 차례입니다.
menu_informacion_ciudad|이곳의 영주는 {s21}입니다^^제생각에 {s4}에는 {reg6}명의 수비병력이 있는 듯 합니다 {s3}{s5}^^{s17}
menu_castle_attack_walls_with_allies_simulate|{s4}^^아군 피해: {s8}^^동맹군 피해: {s9}^^적군 피해: {s10}
menu_castle_taken_without_bloodshed|Nothing to see here.
menu_castle_taken_by_friends|여기는 볼 일이 없습니다.
menu_castle_taken|{s3}는 당신의 군대에게 함락 되었고, 지금 당신은 {reg2?도시의:성의} 모든 통제권을 가졌습니다.{reg1? 당신은 이곳의 탈환을 시도하는 적들을 방어하기 위해 군대를 주둔시켜야 할 것입니다. 또한, 당신은 당신자신이 {reg2?도시를:성을} 관리할지 또는 충성스러운 가신에게 줄지 여부를 선택해야 합니다.:}
mno_dplmc_spoils_yourself|약탈하고 전리품을 독차지한다.
mno_dplmc_spoils_accompanying_vassals|약탈하고 전리품을 자신을 따르는 자들에게 준다.
mno_dplmc_spoils_all_vassals|약탈하고 전리품을 모두에게 공평하게 나눠준다.
menu_castle_taken_2|{s3}은 당신의 군사에게 함락되었고, 당신은 성의 모든 통제권을 가졌습니다. {s9}에게 당신의 승리에 대한 서신을 보낼 시간입니다. {s5}
mno_castle_taken_claim|보상으로 {s3}을 요구한다.
mno_castle_taken_claim_2|{s3}을 당신의 {부인/남편}에게 수여되길 요구한다.
mno_castle_taken_no_claim|보상을 요구하지 않는다.
menu_saquear_centro|{s3}은 당신의 군세에 함락되었다. 당신은 이 {reg2?도시:성}의 모든 것을 발밑에 두었고, 당신과 당신의 부하들은 저항하는 시민을 모두 죽인 다음 남은 사람 중 남자는 모두 노예로 팔고 여자는 범해 버렸다. 그 결과 {reg3} 실버를 가지게 되었다.
mno_spoils_yourself|모든 것을 약탈하고 불태운다. 남자는 노예로 팔아치우고 여자는 범한다. 모든 전리품은 내가 가진다.
mno_spoils_accompanying_vassals|모든 것을 약탈하고 불태운다. 남자는 노예로 팔아치우고 여자는 범한다. 전리품은 당신을 따르는 모두에게 공평하게 분배한다.
mno_spoils_all_vassals|모든 것을 약탈하고 불태운다. 남자는 노예로 팔아치우고 여자는 범한다. 전리품을 모두와 공평하게 분배한다.
menu_saqueo_loot_continue|이 곳은 약탈당했습니다.
menu_requested_castle_granted_to_player|당신의 군주인 {s3}(으)로부터 서신이 도착했습니다.^^ {reg4?그녀:그}는 당신에게 {s2}{reg3?와(과) 근처의 {s4}:}을(를) 하사한다고 했으며 {reg4?그녀의:그의}이름아래 당신이 충성의 서약을 지속하는 한 그 영토의 정당한 수입과 귄리를 인정한다고 했습니다.
menu_requested_castle_granted_to_player_husband|당신의 군주 {s3}(으)로부터 편지를 받았습니다. {reg4?그녀:그}는 {s2}{reg3?와(과) 근처의 {s4}:}을(를) 당신의 남편에게 하사하기로 결정했다고 합니다.{s7}.
menu_requested_castle_granted_to_another|당신은 당신의 군주인 {s3}으로부터 서신을 받았습니다.^^ '짐은 {s2}을(를) 점령한 자네의 용맹한 성과에 매우 만족했다네.^자네의 승리에 우리 모두가 감탄했다네.^ 하지만 자네가 요청한 성의 소유권은 이미 자네가 우리 영토 내에 중요한 사유지를 가지고 있기 때문에 내가 들어줄 수 없는 요청이네.^{s2}을(를) 자네가 아닌 {s5}에게 주는 대신에, 자네의 전쟁수행 비용을 책임지기 위해 {reg6} 실버을 보내겠네.'
mno_accept_decision|결정을 받아들인다.
mno_leave_faction|염병할! 더이상 은혜도 모르는 멍청이를 섬기지 않겠다!
menu_requested_castle_granted_to_another_female|당신의 군주 {s3}으로부터 편지를 받았습니다.^^ '짐은 {s2}을(를) 점령한 자네의 용맹한 성과에 매우 만족했다네.^자네의 승리는에 우리 모두가 감탄했다네.^ 하지만 자네는 요청한 성의 소유권을 남편에게 달라는것은 자네 남편이 이미 국토 내에 중요한 사유지를 가지고 있기 때문에 받아들일 수 없는 일이라네.^{s2}을(를) {s5}에게 주는 대신 전쟁수행 비용을 책임지기 위해 {reg6} 실버을 보내네.' 
menu_leave_faction|당신의 맹세를 거둔 것은 중대한 결정이었습니다.^당신의 군주는 당신을 비난하고 당신의 토지를 몰수할 것입니다. ^그러나, 당신이 자신의 의지로 그들에게 돌아가면, 그는 싸우지 않고 배신을 묵인해줄 것입니다.
mno_leave_faction_give_back|맹세를 거두고 사유지를 포기한다.
mno_leave_faction_hold|맹세를 거두고 {s2}을(를) 포함한 내 영토를 포기하지 않는다.
mno_leave_faction_cancel|결정을 받아들이고 충신으로 남는다.
menu_give_center_to_player|당신의 군주가 봉토를 확장하는 것을 제안했습니다! ^{s1}은(는) 당신의 충성스러운 노고에 대한 보답으로 {s2}을(를) 기꺼이 하사하여 당신의 사유지에 추가하겠다고 서신을 보냈습니다. 당신의 답변은 무엇입니까?
mno_give_center_to_player_accept|제안을 받아들인다.
mno_give_center_to_player_reject|거절 한다. {s2}의 소유에 대해 관심이 없다.
menu_give_center_to_player_2|간단한 의식과 함께 당신은 공식적으로 {s2}{reg3? 그리고 그곳에 소속된 마을인 {s4}:}의 영주로 임명 되었습니다. {reg3?그것들:그것}은 명확하게 당신의 재산의 일부가 될 것입니다. 당신은 지금 당신의 개인적 소유지로 부터 세금과 소작료를 요구할 수 있으며, 주민으로부터 병사들을 소집할 수 있고, 그리고 그 땅을 당신이 의도하는대로 관리할 수 있습니다. 그러나, 당신은 당신의 영지와 주민들을 위험 요소들로 부터 보호하는 것 또한 예상해야 하며, 게다가 법과 명령에 의한 통치로 유지해야 합니다.
menu_oath_fulfilled|당신은 일정한 기간동안 그를 돕겠다고 {s1}와(과) 계약했었습니다. 지금 그 계약기간이 만료되었습니다. 그대로 이어갈 수 있지만 초기 보조금을 받지 못하게 됩니다. 일단 계약을 끝내고 다시 재계약 하는 것을 권장합니다. 어떻게 하시겠습니까?
mno_renew_oath|{s1}와(과)의 한달치 계약을 새로 갱신한다.(초기보조금X)
mno_dont_renew_oath|계약으로부터 자유로워진다.
menu_siege_started_defender|{s1}는 {s2}에 대한 공성전을 감행하고 있습니다. ^{reg10}명의 아군을 이끌고 {reg11}명의 적을 상대해야 합니다. 당신은.
mno_dplmc_negotiate_with_besieger|적 사령관과 교섭한다.
mno_siege_defender_join_battle|부하들을 이끌고 성벽을 향해 돌격한다.
mno_siege_defender_troops_join_battle|당신없이 전투에 참가하라고 명령한다.
menu_siege_join_defense|{s4}^^아군 피해: {s8}^^동맹군 피해: {s9}^^적군 피해: {s10}
menu_enter_your_own_castle|{s10}
menu_village|{s10} {s12}^{s11}^{s6}{s7} {s15}
mno_village_manage|마을을 관리한다.
mno_Meet_with_village_elder|마을장로를 찾아간다.
mno_recruit_volunteers|자원병을 모집한다.
mno_recruit_forzosamente|마을 청년을 징집한다.
mno_village_center|마을 안을 돌아본다.
mno_village_center_door|마을 입구.
mno_village_buy_food|보급품을 거래한다.
mno_comprar_cattle|가축을 구입한다.
mno_village_attack_bandits|도적단을 공격한다.
mno_village_wait|이곳에서 잠시 휴식한다.
mno_village_guest_wait|마을 사람들이 당신을 영예로운 손님으로 환대합니다.
mno_dplmc_village_counter_insurgency|반란을 진압한다.
mno_dplmc_village_negotiate|협상을 시도한다.
mno_collect_taxes_qst|{s1}을(를) 위해 {reg5?계속해서 세금을 징수한다:세금을 징수한다}.
mno_train_peasants_against_bandits_qst|농부들을 훈련시킨다.
mno_village_hostile_action|적대적인 행동을 한다.
mno_village_perform_basic_work|농사일을 돕고 식량을 얻는다 (시간 소모)
mno_village_leave|[떠난다]
menu_village_basic_work|{s3}
menu_village_hostile_action|어떤 행동을 하길 원하십니까?
mno_village_take_food|보급품을 내놓도록 농부들을 협박한다.
mno_village_steal_cattle|소를 뺏는다.
mno_forcerecruit_volunteers|거주민들을 노예로 만든다.
mno_village_loot|마을을 약탈한다.
menu_recruit_volunteers|{s18}
mno_continue_not_enough_gold|돈이 충분하지 못함.
mno_recruit_them|그들을 고용한다. ({reg6} 실버).
menu_recruit_volunteers1|마을 주민이 마지못해서 나선다.
mno_let_them_keep_it|그들이 가지도록 한다.
menu_recruit_volunteers2|{s18}
menu_village_hunt_down_fugitive_defeated|도망자들로부터의 무거운 타격이 당신을 땅에 눕혔고, 당신의 시야는 회전했고 어두워졌습니다. 시간이 지나 당신이 눈을 떴을 때 당신은 지치고 피로 물든 자신의 모습을 찾을 수 있었습니다. 그러나, 운좋게도 어떤 상처도 치명적으로 보이진 않았습니다.
menu_village_infest_bandits_result|{s9}
menu_village_infestation_removed|칭송받을만한 전투로, 당신과 당신의 부하들은 도적 떼를 마을로부터 몰아냈고, 마을을 한번 더 안전하게 했습니다. 감격한 주민들은 얼마 남지 않은 재산의 일부를 당신이 원하는 만큼 제공 한다고 했습니다.
mno_village_bandits_defeated_accept|당연한 것으로 받아들인다.
mno_village_bandits_defeated_cont|거절 한다. 그 물건들은 나보다 그들에게 더 필요할 것이다.
menu_center_manage|{s19}^{reg6?^^당신은 현재 {s7}을 건설 중입니다. ^건물은 {reg8}일 {reg9?:}뒤에 완공될 것입니다.:}
mno_center_build_manor|장원을 건설한다.
mno_center_build_fish_pond|제분소를 건설한다.
mno_center_build_watch_tower|감시탑을 건설한다.
mno_center_build_school|학교를 건설한다.
mno_center_build_messenger_post|봉화를 건설한다.
mno_center_build_prisoner_tower|감옥탑을 건설한다.
mno_center_build_sod1|유일신교 교회 건설 (종교 전향).
mno_center_build_sod2|사교도 신전 건설 (종교 전향).
mno_center_build_sod3|토착 종교(전통)의 사원 건설 (종교 전향).
mno_center_build_sod5|유일신교 교회 건설 (종교 전향).
mno_center_build_sod10|유일신교 수도원 건설 (종교 전향).
mno_center_build_sod16|유일신교 수도원 건설 (종교 전향).
mno_center_build_sod17|사교도 건설 (종교 전향).
mno_center_build_sod18|토착 종교(전통)의 사원 건설 (종교 전향).
mno_center_build_sod41|대장간 건설.
mno_center_build_sod42|조합 건설.
mno_center_build_sod43|도서관 건설.
menu_center_improve|{s19} 부대원이 가진 가장 높은 기술자 스킬 ({reg2})로, {reg3?당신은:{s3}는} {s4}을 건설하는 것이 {reg5} 실버의 비용으로 {reg6}일 후에 완료될 것이라고 어림했습니다.
mno_dplmc_improve_cont|실행한다. (국고에서 지급)
mno_improve_cont|실행한다.
mno_improve_not_enough_gold|건설자금이 더 필요합니다.
menu_town_bandits_failed|{s4} {s5}
menu_town_bandits_succeeded|도적들은 당신앞에 낙엽처럼 쓰러졌습니다! 이내 당신은 도적들의 시체로 가득한 골목에 홀로 서 있었습니다. 시체를 조사하다 이 짐승만도 못한 자식들이 덮친 이전 희생자 물건으로 추정되는 지갑을 발견했습니다. 당신은 희생자를 위해서라도 이 돈을 소중히 써야겠다고 생각했습니다.
menu_village_steal_cattle_confirm|부대원이 가진 가장 높은 약탈 스킬 ({reg2})로, {reg3?당신은:{s1}는} 마을의 소들 중 {reg4} 마리 정도의 소를 훔칠 수 있을 것이라고 어림했습니다.
mno_village_steal_cattle_confirm|실행한다.
menu_village_steal_cattle|{s1}
menu_forced_prisoners|{s18}
mno_no_prisoners_capacity|포로를 수용할 공간이 부족합니다.
mno_continue_no_prisoners_captured|포로를 관리할 수 없습니다...
mno_capture_prisoners|포로를 잡는다.
menu_village_take_food_confirm|농부들이 여태 모아온 소중한 재산들을 내놓으라고 협박하는 것은 쉬운 일이 아닐 것입니다. 하지만 목숨 앞에 더 소중한 것은 없습니다. 그들을 계속 협박한다면 빼앗을 수 있을 것 같습니다.
mno_village_take_food_confirm|실행한다.
menu_village_take_food|주민들은 마지못해 그들이 가진 것을 당신에게 가지고 왔습니다.
mno_take_supplies|보급품을 가진다.
mno_let_them_keep_it_2|그건 그냥 가지고 있으시오.
menu_village_start_attack|분노한 마을 사람들이 자신들의 농기구를 부여잡고 저항을 준비합니다. 당신이 계속한다면 싸움이 벌어질 것 같습니다.
mno_village_raid_attack|그들에게 달려든다.
mno_village_raid_leave|그냥 나둔다.
menu_village_raid_make_villagers_prisoners|마을을 약탈하고 주민들을 포로로 잡는다.
mno_make_villagers_prisoners|거주민들을 포로로 사로잡느다.
menu_village_loot_no_resist|마을 사람들이 겁에 질려 도망칩니다. 이 마을은 당신에게 달렸습니다.
menu_village_loot_complete|당신이 명령한대로 마을을 약탈하여 물건과 {reg1}실버을 확보했습니다.
menu_village_loot_defeat|주민들은 결단을 가지고 용맹하게 잘 싸웠고, 마을을 지켜 당신의 병사들을 몰아냈습니다.
menu_village_loot_continue|계속해서 마을을 약탈하겠습니까?
mno_yosi_yes|예.
mno_yono_no|아니오.
menu_close|아무것도.
menu_town|{s10} {s14}^{s11}{s12}{s13}
mno_castle_castle|대회당으로 들어간다{s1}.
mno_castle_castle_door|성의 입구.
mno_join_tournament|경기에 참가한다.
mno_town_castle|대회당으로 들어간다{s1}.
mno_town_castle_door|성의 입구.
mno_town_center|거리를 걷는다.
mno_town_center_door|마을 입구.
mno_town_tavern|주점을 방문한다.
mno_town_tavern_door|주점 입구.
mno_town_merchant|상인과 대화한다.
mno_town_merchant_door|가게 입구.
mno_town_arena|투기장 입구.
mno_town_arena_door|투기장 입구.
mno_town_dungeon|Never: 감옥으로 간다.
mno_town_dungeon_door|지하감옥 입구.
mno_castle_inspect|안뜰을 걷는다.
mno_castle_inspect_door|성 안뜰 입구
mno_town_enterprise|당신의 {s3}을 방문.
mno_town_enterprise_door|당신의 공방 입구.
mno_visit_lady|숙녀를 방문한다
mno_visit_lady_door|정원의 입구.
mno_lair_interior|회관에 들어간다.
mno_lair_interior_door|성으로 향하는 문.
mno_hirefort_staff|관리자를 고용한다.
mno_lair_inspect|비밀 주둔지 주변을 걷는다.
mno_lair_inspect_door|비밀 주둔지 회당으로 향하는 문.
mno_mylair_station_troops|주둔병 관리.
mno_trade_with_merchants|시장으로 간다.
mno_walled_center_manage|이 {reg0?도시를:성을} 관리한다.
mno_walled_center_move_court|당신의 궁전을 이 곳으로 옮긴다.
mno_banquete_mead|{reg0?도시의:성의} 부하들에게 연회를 배푼다.
mno_castle_station_troops|수비병을 관리한다 {s10}
mno_castle_wait|이곳에서 잠시동안 대기한다{s1}.
mno_masopciones|조합이 있는 광장으로 간다.
mno_town_bank|부동산과 은행을 방문한다.
mno_town_ports|항구를 방문한다.
mno_town_leave|[떠난다]
mno_town_leave_door|지역을 떠난다.
mno_sail_from_port|배를 출항시킨다. (선원 최소30필요 최대90가능)
menu_cannot_enter_court|영주의 홀에서 연회가 진행 중입니다. 그러나 당신은 연회에 입장할 신분이 아닙니다. 아마 당신의 명성이 좀 더 높았더라면 가능할지도 모르죠. -- 어쩌면 연회가 진행중인 동안 토너먼트에서 자신을 증명해 보이는 방법도 있을겁니다.
menu_lady_visit|누구를 방문하길 원하십니까?
mno_visit_lady_1|{s12} 방문
mno_visit_lady_2|{s12} 방문
mno_visit_lady_3|{s12} 방문
mno_visit_lady_3_door|정원의 입구.
mno_visit_lady_4|{s12} 방문
mno_visit_lady_5|{s12} 방문
mno_visit_lady_6|{s12} 방문
mno_visit_lady_7|{s12} 방문
mno_visit_lady_8|{s12} 방문
menu_town_tournament_lost|당신은 토너먼트에서 패배했습니다.{s8}
menu_town_masopciones|광장은 사람들로 북적거리고 있습니다. 이곳에서 당신이 할 일은...
mno_town_recruit|누군가 당신에게 합류할 사람은 없는지 물어본다.
mno_entertaiment|음악을 연주하거나 이야기를 들려준다.
mno_meet_with_guild_master|조합장을 만난다.
menu_town_tournament_won|당신은 {s3}의 토너먼트에서 승리했습니다! 군중들이 당신의 이름을 연호하여 당신은 자신감에 가득찼습니다. 명예, 명성과 영광에 더해서, 당신은 {reg9} 실버를 상금으로 받았습니다. {s8}
menu_town_tournament_won_by_another|이 날 끝까지 패배하지 않은 유일한 {reg3?여성:남성}으로, {s1}은(는) 이 토너먼트의 영광을 차지하였습니다.
menu_town_tournament|{s1}당신은 토너먼트의 {reg0}회전에 올라왔고, {reg1}명의 참가자가 남았습니다. 이번 경기는 각각이 {reg3}명의 {reg4?투사들:투사}로 이루어진 {reg2}팀으로 진행됩니다.
mno_tournament_view_participants|참가자 목록.
mno_tournament_bet|자신에게 돈을 건다.
mno_tournament_join_next_fight|이번 라운드에 참가한다.
mno_tournament_opciones|토너먼트 옵션
mno_leave_tournament|토너먼트에서 물러난다.
menu_tournament_withdraw_verify|정말로 토너먼트를 포기하시겠습니까?
mno_tournament_withdraw_yes|그렇다. 이것은 무의미한 자만일 뿐이다.
mno_tournament_withdraw_no|아니, 승리의 위해 계속 분투한다!
menu_tournament_bet|당신에게 걸린 여분은 {reg5}에서 {reg6}입니다. {reg1?당신은 이미 {reg1} 실버를 자신에게 걸었고, 당신이 이긴다면 {reg2} 실버를 받을 것입니다.:} 얼마를 걸기를 원하십니까?
mno_bet_300_denars|300 실버.
mno_bet_200_denars|200 실버.
mno_bet_100_denars|100 실버.
mno_bet_50_denars|50 실버.
mno_bet_10_denars|10 실버.
menu_tournament_bet_confirm|만일 {reg1} 실버를 건다면 토너먼트에서 승리했을 시 {reg2} 실버를 벌 수 있습니다. 계속 하시겠습니까?
mno_tournament_bet_accept|계속한다.
mno_tournament_bet_cancel|포기한다.
menu_tournament_participants|당신은 관계자 중 한 명에게 토너먼트의 참가자에 대해 물어보았습니다. 참가자:^{s11}
menu_collect_taxes|부대원이 가진 가장 높은 거래 스킬 ({reg2})로, {reg3?당신은:{s1}은(는)} 이곳에서 세금을 거두는 것이 {reg4}일이 걸릴 것이라고 예상했습니다.
mno_start_collecting|세금을 거둔다.
mno_collect_later|다음으로 미룬다.
menu_collect_taxes_complete|당신은 {s3}에서 세금으로 {reg3} 실버을 거뒀습니다. {s19}은(는) 당신이 돈을 가져오는 것을 기대하고 있을 것입니다.
menu_collect_taxes_rebels_killed|당신은 빠른 조치와 강력한 무력으로 폭동을 잠재웠습니다. 더 이상 당신에게 반항하려는 마음을 품는 자는 없을 것입니다.
menu_collect_taxes_failed|당신은 {s3}에서 폭동이 일어나기 전 {reg3} 실버 밖에 세금을 거두지 못했습니다. {s1}은(는) 기뻐하지 않을 것이지만, 조금의 은화가 그를 위로할 수 있을 것입니다.
menu_monasterio_saqueado|The monks'blood soaked ground and their bodies are fed to the crows. An easy victory, a great reward ... but you have created new enemies among Christians.
menu_collect_taxes_revolt_warning|{s3}의 주민들은 당신의 요구에 분개했고, 이것은 단지 강탈에 지나지 않는다고 비난했습니다. 그들은 참을성의 참을성이 한계에 다다르고 있습니다. 만약 당신이 계속 그들을 압박한다면 좋지 않은 일이 발생할지도 모릅니다.
mno_continue_collecting_taxes|무시하고 계속 한다.
mno_halve_taxes|세금을 반으로 삭감하는데에 합의를 본다. ({s1}은(는) 화낼 것입니다)
menu_collect_taxes_revolt|당신은 {s3}에서 세금을 걷는 중 위기에 봉착했습니다. 화난 {reg9?농부:도시민}들의 무리가 거리를 행진하며 터무니없는 세금에 소리치고 무기와 횃불을 흔들고 있습니다. 그들은 당신과 싸울 것처럼 보입니다!
menu_train_peasants_against_bandits|부대원이 가진 가장 높은 훈련교관 스킬 ({reg2})로, {reg3?당신은:{s1}은(는)} 농부들을 훈련에 준비시키는데 {reg4}시간이 걸릴 것이라고 예상했습니다.
mno_make_preparation|그들을 훈련시킨다.
mno_train_later|다음으로 미룬다.
menu_train_peasants_against_bandits_ready|당신은 농부들에게 군대식 교육, 단련 및 복종에 대해 가르쳤습니다. {reg0}명의 농부들이 교육을 완전히 이수했고 훈련받을 준비가 되었다고 생각했습니다.
mno_peasant_start_practice|실전을 시작한다.
menu_train_peasants_against_bandits_training_result|{s0}
menu_train_peasants_against_bandits_attack|당신이 훈련을 계속 할 준비가 되었을 때, 마을의 보초가 당신에게 달려와 {s3}을(를) 쫓는 도적 떼가 지평선에 모습을 나타냈다고 외쳤습니다. 마을 촌장은 새로 훈련된 민병대를 소집했고 그들에 맞서달라고 부탁했습니다.
mno_peasants_against_bandits_attack_resist|전투를 준비한다!
menu_train_peasants_against_bandits_attack_result|{s9}
menu_train_peasants_against_bandits_success|도적 떼는 와해되었습니다! 겨우 살아남은 몇몇 도적들은 새로워진 농부들의 모습과 구세주의 모습에 겁을 먹고 부리나케 도망쳤습니다. 주민들은 기나긴 시련이 끝난 것에 대해 기뻐했고, 그나마 남은 재산을 감사의 표시로 당신에게 바친다고 했습니다.
menu_disembark|상륙하시겠습니까?
mno_disembark_yes|상륙한다.
mno_manage_crew|선원을 관리한다.
mno_disembark_yes_2|배를 정박시킨다.
mno_disembark_yes_3|네 배는 항구로 보내주세요.
mno_disembark_no|상륙하지 않는다.
menu_Send_ship_to_town|배를 보낼 곳
mno_p_town_1|{s1}
mno_p_town_17|{s1}
mno_p_town_2|{s1}
mno_p_castle_42|{s1}
mno_p_town_27|{s1}
mno_p_town_13|{s1}
mno_p_town_15|{s1}
mno_p_town_32|{s1}
mno_p_town_33|{s1}
mno_p_town_37|{s1}
mno_abort|배로 귀환한다.
menu_ship_reembark|승선하시겠습니까?
mno_reembark_yes|예.
mno_reembark_no|아니오.
menu_center_reports|마을 이름: {s1}^소작료 수입: {reg1} 실버^관세 수입: {reg2} 실버^식품 보관량: {reg3}일간 버틸 수 있습니다.
mno_to_price_and_productions|가격과 생산물을 본다.
menu_price_and_production|생산은:^(Note: base/modified by raw materials/modified by materials plus prosperity)^{s1}^^가격 결정요소:^{s2}
menu_town_trade|당신은 시장으로 향했습니다.
mno_assess_prices|지역 시세를 평가한다.
mno_trophies|전승 기념비를 거래한다.
mno_trade_with_arms_merchant|무기 상인과 거래한다.
mno_trade_with_armor_merchant|방어구 상인과 거래한다.
mno_trade_with_horse_merchant|말 상인과 거래한다.
mno_trade_with_goods_merchant|상품 상인과 거래한다.
mno_back_to_town_menu|그만둔다.
mno_buy_arq|희귀품 상점을 방문한다.
mno_buy_troopss|홍등가와 용병길드를 방문한다.
menu_trophy_trade|전승기념비를 거래한다.
mno_trade_trophy_a|전투 전승기념비 거래.
mno_trade_trophy_b|전쟁 전승기념비 거래.
mno_trade_trophy_c|왕의 전승기념비 거래.
menu_town_trade_assessment_begin|당신은 지역간의 거래 가격에 대한 이야기를 엿들었습니다. 당신은 그것을 열심히 듣고, 최고의 거래를 하려고 했습니다.
menu_town_trade_assessment|부대원이 가진 가장 높은 거래술 스킬 ({reg2})로, {reg3?당신은:{s1}은(는)} 거래할 최적의 상품을 알아내려고 노력했습니다. {s2}
menu_sneak_into_town_suceeded|당신은 빈곤한 방랑자의 옷으로 위장한 후, 보초들을 속이고 마을로 들어갔습니다.
menu_sneak_into_town_caught|당신은 잠입을 시도했으나, 보초 중 한 명이 당신을 알아보고 경보를 울렸습니다! 당신은 마을의 모든 보초들이 당신에게 오기 전에 도망쳐야만 합니다!
mno_sneak_caught_fight|도망치기 위해 싸운다!
mno_sneak_caught_surrender|항복한다.
menu_sneak_into_town_caught_dispersed_guards|당신은 보초들을 따돌리고 추격자들이 거리의 미로에서 당신을 쉽게 놓치도록 도망치기 전의 흔적을 숨겼습니다. 
menu_sneak_into_town_caught_ran_away|당신은 문을 통해 신속히 안전한 둔덕으로 달아났습니다.
menu_enemy_offer_ransom_for_prisoner|{s2}는 {s1}을(를) 판다면 당신에게 {reg12} 실버 가량의 은화를 준다고 제안했습니다.
mno_ransom_accept|제안을 수락한다.
mno_ransom_reject|제안을 거절 한다.
menu_training_ground|당신은 무술스킬을 연습할 수 있는 훈련장에 도착했습니다. 어떤 훈련을 하시길 원하십니까?
mno_camp_trainer|훈련 교관과 대화한다.
mno_camp_train_melee|대련을 한다.
mno_camp_train_archery|장거리 무기를 연습한다.
mno_camp_train_mounted|마상전투를 연습한다.
menu_training_ground_selection_details_melee_1|몇 명을 상대하시겠습니까?
mno_camp_train_melee_num_men_1|한 명.
mno_camp_train_melee_num_men_2|두 명.
mno_camp_train_melee_num_men_3|세 명.
mno_camp_train_melee_num_men_4|네 명.
menu_training_ground_selection_details_melee_2|상대를 선택하세요 #{reg1}:
mno_training_ground_selection_details_melee_random|자동으로 선택한다.
menu_training_ground_selection_details_mounted|어떤 무기를 연습하시겠습니까?
mno_camp_train_mounted_details_1|한손 무기.
mno_camp_train_mounted_details_2|장창류.
mno_camp_train_mounted_details_3|활.
mno_camp_train_mounted_details_4|투척용 무기.
menu_training_ground_selection_details_ranged_1|어떤 원거리 무기를 훈련하시겠습니까?
mno_camp_train_ranged_weapon_bow|활과 화살.
mno_camp_train_ranged_weapon_crossbow|석궁.
mno_camp_train_ranged_weapon_thrown|투척용 단검.
menu_training_ground_selection_details_ranged_2|어느 거리에서 연습하시겠습니까?
mno_camp_train_ranged_details_1|10 야드.
mno_camp_train_ranged_details_2|20 야드.
mno_camp_train_ranged_details_3|30 야드.
mno_camp_train_ranged_details_4|40 야드.
mno_camp_train_ranged_details_5|50 야드.
mno_camp_train_ranged_details_6|60 야드.
mno_camp_train_ranged_details_7|70 야드.
menu_training_ground_description|{s0}
menu_training_ground_training_result|{s7}{s2}
menu_captivity_avoid_wilderness|당신은 많은 시간이 지난뒤에서야 겨우 의식을 회복했습니다. 적들은 당신이 죽은 줄 알고 그대로 버려둔 채 가버린 것 같습니다. 다행히도 치명적인 상처는 없었고, 비록 버려져 있는 자신을 돌아본 뒤 깊은 두려움을 느꼈지만 아직 걸을 수는 있었습니다. 당신은 힘겹게 일어나서 생존한 부대원을 찾아다녔습니다.
menu_captivity_start_wilderness|그루터기
menu_captivity_start_wilderness_surrender|그루터기
menu_captivity_start_wilderness_defeat|적들은 당신을 포로로 잡았습니다.
menu_captivity_start_castle_surrender|그루터기
menu_captivity_start_castle_defeat|그루터기
menu_captivity_start_under_siege_defeat|적들은 당신을 포로로 잡았습니다.
menu_captivity_wilderness_taken_prisoner|적들은 당신을 포로로 잡았습니다.
menu_captivity_wilderness_check|그루터기
menu_captivity_end_wilderness_escape|포로로 끌려다닌 고통스런 날들 끝에, 당신은 겨우 도망칠 기회를 포착했습니다!
menu_captivity_castle_taken_prisoner|당신은 무기를 앗아간 보초들에게 둘러싸였습니다. 악담, 모욕과 함께 폭행이 이어졌고. 암울하고 습기찬 지하감옥에 내던져졌습니다.
menu_captivity_rescue_lord_taken_prisoner|당신은 무기를 앗아간 보초들에게 둘러싸였습니다. 악담, 모욕과 함께 폭행이 이어졌고. 암울하고 습기찬 지하감옥에 내던져졌습니다.
menu_captivity_castle_check|그루터기.
menu_captivity_end_exchanged_with_prisoner|몇 일간의 수감생활 끝에, 마침내 포로교환이 성사되어 자유롭게 풀려났습니다.
menu_captivity_end_propose_ransom|햇빛이 들지 않는 습기찬 지하감옥에서 상상도 못할 만큼 긴 시간을 보냈습니다. 어느 날 갑자기 간수들 중 한 명이 조용히 다가왔습니다. 그는 당신이 {reg5} 실버를 준다면 당신을 풀어주겠다고 말했습니다. 당신은.
mno_captivity_end_ransom_accept|제안을 수락한다.
mno_captivity_end_ransom_deny|거절하고 더 나은 것을 기다린다.
menu_captivity_castle_remain|어두운 방 안에서 몇 일이 더 지났습니다. 당신은 최선을 다해 보초들의 발길질과 모욕을 견뎌나갔고, 피죽도 먹지못한 채 버려져있는 당신의 모습을 보았습니다.
menu_kingdom_army_quest_report_to_army|{s8}께서 {reg4?그녀:그의}의 새 군사작전에 당신이 참여하길 원한다고 서신을 전해왔습니다. 작전에 참여하려면 적어도 {reg13}명의 병사가 있어야 하고, 만약 병사가 없다면 서둘러 징집하라고 지침을 받았습니다.
menu_kingdom_army_quest_messenger|{s8}께서 당신에게 가능한한 빨리 면담을 하자고 요청했습니다.
menu_kingdom_army_quest_join_siege_order|{s8}께서 {s9}의 공성전에 대한 총공격 준비에 참여하라고 서신을 전했습니다. 당신의 군대는 어떤 희생을 치르더라도 {s9}을 돌파해야 합니다.
menu_kingdom_army_follow_failed|당신은 명령에 불복종했고 {s8}을 따라가는데 실패했습니다. 그는 화가나서 당신을 원정군에서 제외시켰고, 당신의 행동을 잊지 않겠다고 엄중히 경고했습니다.
menu_invite_player_to_faction_without_center|당신은 신하가 되라는 제안을 받았습니다!^^ {s9}의 {s8}은(는) 직접 당신을 초대하는 왕실의 사자를 보내왔습니다. 당신은 {s9}의 가신이 되는 것에 대한 명예를 수여받았고, {s8}은(는) 보답으로 비록 그가 봉토와 직함을 수여하지 않는다고 해도 그의 군사작전에서 싸운다는 충성의 맹세를 요구했습니다. 만약 당신이 제안을 받아들이지 않으면 그는 분명히 불쾌해 할 것입니다.
mno_faction_accept|수락한다!
mno_faction_reject|초대를 정중히 거절 한다.
menu_invite_player_to_faction|당신은 신하가 되라는 제안을 받았습니다!^^ {s9}의 {s8}은(는) 직접 당신을 데려오라고 초대하는 왕실의 사자를 보냈습니다. 당신은 {s9}의 가신이 되는것에 대해 명예를 수여받았고, {s8}은(는) {s2}을(를) 당신의 충성스러운 노고에 대해 봉토로 수여하면서 그의 군사작전에서 싸운다는 충성의 맹세를 요구했습니다. 만약 당신이 제안을 받아들이지 않으면 그는 분명히 불쾌해 할 것입니다.
menu_invite_player_to_faction_accepted|신하가 되기 위해서, 당신은 {s3}에게 충성의 맹세를 해야만 합니다. 당신은 그를 찾아서 직접 당신의 맹세를 그에게 해야합니다. {s5}
menu_question_peace_offer|화평제의를 받았습니다^^{s1}는 당신에게 평화조약을 제안했습니다. 당신의 대답은 무엇입니까?
mno_peace_offer_accept|수락한다
mno_dplmc_peace_offer_terms|화평을 강요한다.
mno_peace_offer_reject|거절한다
menu_notification_truce_expired|전쟁 재개^^{s1}과 {s2} 사이의 휴전기간이 만료되었습니다.
menu_notification_feast_quest_expired|{s10}
menu_notification_sortie_possible|{s4} 근교에서 적이 관측되었습니다. {s5}는 반격을 준비하고 있습니다. 이곳에 지원가는 것은 당신의 의지에 달렸습니다.
menu_notification_casus_belli_expired|왕국은 응답하는 것을 실패했습니다^^{s1}은(는) {s2}의 도발에 넘어가지 않았습니다. {s3}은(는) 체면을 구겼고 몇몇 {reg4?그녀:그}의 부하들은 더욱 강한 적의를 드러냈습니다.^
menu_notification_lord_defects|변절: {s4}은(는) {s5}을(를) 버리고 {s7}의 편으로 돌아섰습니다. 그와 함께 {reg4?그녀의:그의} 영지를 획득했습니다.
menu_notification_treason_indictment|반역자 처단^^{s9}
menu_notification_border_incident|국경의 사건^^그 이야기는 당신의 귀에도 들어왔습니다. {s9}. 그것이 사실인지 아닌지 모르지만, 소문은 곳곳에 나돌고 있습니다. -- 이것은 겉으로 보기에는 작은 사고지만 {s4}은(는) 크게 격노했습니다. {s3}에게 전쟁을 선포할지도 모릅니다.
menu_notification_player_faction_active|당신은 지금 어느 왕국에도 소속되지 않은 당신의 이름으로된 영토를 소유하고 있습니다. 이것은 당신의 고유한 권리, {s12}에 임시로 위치한 당신의 궁정과 함께 당신을 군주로 만들었습니다. 그러나, 유라시아의 다른 왕들은 처음에 당신을 어떤 벼락출세한 장군 정도가 왕좌를 움켜쥐었으며, 게다가 정통성에 대한 문제까지 있다며 당신을 적으로 간주할 것입니다.^^당신은 이때 기존 왕국에게 당신스스로를 보증할수 있는 바람직한 것을 찾아야 할 것입니다. 만약 당신이 계속해서 독립된 군주가 되려면, 가장 우선해야 할것은 독립된 정통성을 세우는 것입니다. 당신은 당신의 정통성을 여러 방법으로 얻을 수 있습니다 -- 고귀한 혈통의 가족과 결혼, 새로운 영주의 영입, 당신의 영지를 통치, 다른 왕들과의 교류 또는 당신의 동료에게 임무를 주어 파견.^^어쨌든, 당신의 첫번째 시작은 나라의 사건들을 다룰 수석장관을 당신의 동료 중에서 임명해야할 것입니다. 동료들은 각자다른 능력들을 가지고 있습니다.^당신은 그때그때 새로운 장관을 임명할 수 있습니다. 당신은 또한 장관에게 말하여, 당신의 궁중에서의 위치를 바꿀 수 있습니다.
mno_appoint_spouse|당신의 배우자 {s10}를 임명
mno_appoint_npc1|{s10}을(를) 임명
mno_appoint_npc2|{s10}을(를) 임명
mno_appoint_npc3|{s10}을(를) 임명
mno_appoint_npc4|{s10}을(를) 임명
mno_appoint_npc5|{s10}을(를) 임명
mno_appoint_npc6|{s10}을(를) 임명
mno_appoint_npc7|{s10}을(를) 임명
mno_appoint_npc8|{s10}을(를) 임명
mno_appoint_npc9|{s10}을(를) 임명
mno_appoint_npc10|{s10}을(를) 임명
mno_appoint_npc11|{s10}을(를) 임명
mno_appoint_npc12|{s10}을(를) 임명
mno_appoint_npc13|{s10}을(를) 임명
mno_appoint_npc14|{s10}을(를) 임명
mno_appoint_npc15|{s10}을(를) 임명
mno_appoint_npc16|{s10}을(를) 임명
mno_appoint_npc_basher|{s10} 지명
mno_appoint_npc_sange|{s10} 지명
mno_appoint_npc_paintrain|{s10}를 지명
mno_appoint_npc_hammertime|{s10}를 지명
mno_appoint_npc_backwoodsharry|{s10}를 지명
mno_appoint_npc_tank|{s10}를 지명
mno_appoint_npc_deadeye|{s10}를 지명
mno_appoint_npc_probulator|{s10}를 지명
mno_appoint_npc_grim|{s10}를 지명
mno_appoint_npc_enchantress|{s10}를 지명
mno_appoint_default|지역 안에서 유력한 시민을 임명
menu_minister_confirm|{s9}{s12}에 당신의 궁궐을 세울 수 있습니다. 당신은 당신의 권위를 약화시키는 해결되지 않은 문제들이 쌓이는 것을 방지하기 위해 정기적으로 상담해야 합니다.
menu_notification_court_lost|{s12}
menu_notification_player_faction_deactive|당신은 더 이상 어떤 영토도 가지고 있지 않습니다.
menu_notification_player_wedding_day|{s8}은(는) 당신에게 {s10}에서 당신의 결혼 준비가 끝났다는 것을 통지하기를 원합니다. 그리고 당신은 곧 참석할 것이라 예상됩니다.
menu_notification_player_kingdom_holds_feast|{s11}
menu_notification_center_under_siege|{s3}의 {s2}가 {s1}을(를) 포위했습니다!
menu_notification_village_raided|적들이 우리 영토를 유린시키고 있습니다.^^{s3}의 {s2}가 {s1}을 공격하고 있습니다!
menu_notification_village_raid_started|당신의 마을은 공격받고 있습니다!^^{s1}가 {s3}의 {s2}에 의해 공격받고 있습니다!
menu_notification_one_faction_left|세계 통일^^{s1}가 모든 라이벌들을 제거하고 세계를 단일 왕국의 땅으로 통일시켰습니다.
menu_notification_oath_renounced_faction_defeated|당신의 국가는 멸망했습니다^^당신은 {s1}와(과)의 전투에서 승리했습니다! 이제 당신의 오랜 맹세가 막을 내렸고, 맹세를 지키기 위한 그간의 힘든 나날도 끝이 났습니다.
menu_notification_center_lost|영토를 잃었습니다^^당신은 {s2}에게 {s1}을(를) 잃었습니다.
menu_notification_troop_left_players_faction|배신자!^^{s1}은(는) {s2}을(를) 배반하고 {s3}에게 갔습니다.
menu_notification_troop_joined_players_faction|좋은 소식!^^ {s1}은(는) {s2}을(를) 배반하고 {s3}에 참가했습니다.
menu_notification_war_declared|전쟁 선포^^{s1}가 {s2}에게 전쟁을 선포했습니다!
menu_notification_peace_declared|평화 조약^^{s1}와 {s2}가 평화조약을 맺었습니다!
menu_notification_faction_defeated|왕국 멸망^^{s1}은 멸망했습니다!
menu_notification_rebels_switched_to_faction|반란 성공^^당신의 반란군이 승리했습니다! 당신의 국가는 {s12}을(를) 지배자로 하여 {s11}에 대한 정통성을 가졌습니다.
menu_notification_player_should_consult|당신의 장관이 음모에 관한 글을 보내왔습니다. 이것을 눈여겨 보아야 합니다. 당신은 그의 의견을 경청해야 합니다.
menu_notification_player_feast_in_progress|축제 준비^^{s11}의 홀에서 당신의 부인이 연회를 열었습니다.
menu_notification_lady_requests_visit|하인으로 보이는 나이 많은 여자 하나가 당신의 파티에와서 밀랍으로 봉인된 편지를 당신의 부하에게 건냈습니다. 이것은 당신에게 온 편지입니다. 당신이 봉인을 찢을 때, 편지가 {s15}로 부터 왔다는 것을 확인할 수 있었습니다. "저번에 방문에 주셔서 정말 감사드려요, {s14} 저는 지금 {s10}에 있답니다. {s12}"라고 적혀있습니다.
mno_continue_woman1|곧 도착한다고 전해라
mno_continue_woman2|가지 못한다고 전해라.
menu_garden|{s12}
mno_nurse|분수대 옆에서 기다린다.
mno_nurse_1|분수대 옆에서 기다린다.
menu_kill_local_merchant_begin|당신은 희생양을 발견하여 그를 뒤쫒아 갔습니다. 그가 어두운 골목 안으로 들어가는 것을 보았습니다. 그를 공격할 기회입니다.
menu_debug_alert_from_s65|DEBUG ALERT: {s65}
menu_skirmish_party|   공작원들이 임무에서 복귀했다. ^지휘관은 {reg5}명을 잃었다고 보고했다.
menu_spy_party|   당신의 스파이중 한명이 복귀하였습니다.
menu_spy_report|{s1}
menu_spy_sabotage|{s4}
mno_cancel_mission| 복귀 
mno_rescue_town_center| 
mno_rescue_town_center_door|마을 입구
menu_rescue_defeat|After unknown hours in {s8}'s dungeon, {s9}
menu_spy_confirm|당신의 스파이 {s1}가 보낸 메시지에 12시간 뒤 임무에 착수할 것이라 적혀있습니다.
menu_wilderness_trade| 당신의 전령은 {s7}와의 거래를 시작합니다.
mno_trade_with_party|거래
menu_wilderness_duel_win|당신은 {s1}와의 결투에서 승리했다, 적을 파멸시키고 자신을 증명했다.^세상 사람들은 모두 당신의 무용담을 듣게 될것이다.
menu_wilderness_duel_lose|당신은 {s1}와의 결투에서 패배했다.^당신은 조롱거리가 될것이다.
menu_messenger_return|stub
menu_loot_wagon|stub
menu_build_wagon|당신의 동료들을 새로운 수송마차를 만드는 일에 동원한다. 수송마차를 만들기 위해서는 연장(tools)과 2마리의 조랑말(pony)이 필요하다. ^하루정도의 시간이 걸린다.^주의!! 일단 만들기를 선택하면 밖으로 빠져나오면서 일시정지되는데 그 상태에서 캠프대기하면 금방 완성됨. 다른 행동을 하면서 마을에서 대기하거나 하면 완성되지 않으니 반드시 캠프대기를 사용.
mno_start_building|당신의 동료들은 새로운 수송마차를 만들기 시작했다.(확인 즉시 캠프 대기 사용.)
mno_continue_wg| {s3}.
menu_banquete_moral|당신의 부하들에게 무기를 놓고 당신의 회관에 오도록 한다, 당신과의 거리에 따라 계급에 맞게 자리를 배치했다.^ 여시종들이 술과 고기를 내어왔다. 당신은 이 연회를 위해 많은 돈을 썼다.^ 그들은 당신과 함께 피를 흘리고, 땅을 정복한 전우들이었다.^ 밤이 깊어지면서, 몇몇 부하들이 골아 떨어졌다. 누군가는 노래를 부르고 누군가는 더 좋은 여자를 차지하기 위해 싸우고 누군가는 그걸 보면서 내기를 하기도 했다.^ 당신의 뒤에서는 바드가 노래를 부르고 있다. 당신은 진정한 군주요, 당신은 군주...'사람을 이끄는 자.'
mno_banquete_ok|당신은 마셨다, 그들에게 웃고 소리질렀다..
mno_banquete_ok2|당신은 취하지 않게 조절했다, 술 맛은 좋지만, 그 이상은 필요없다.
menu_comprar_cattle2|{reg5} 마리의 가축이 있고, 각각 {reg6} 실버 입니다. 몇개를 구입합니까?
mno_cattle_ok|하나.
mno_cattle_ok2|다섯.
mno_cattle_ok3|그만둬.
menu_auto_return_to_map|stub
menu_bandit_lair|{s3}
mno_continue_1|은신처를 공격한다...
mno_trade_hideout|도적들과 거래한다.
mno_leave_no_attack|[떠난다]
mno_leave_victory|계속...
mno_leave_defeat|계속...
menu_notification_player_faction_political_issue_resolved|오랜 논의 끝에, {s10} 은{s12}에게 {s11}을(를) 내리기로 했다.
menu_notification_player_faction_political_issue_resolved_for_player|오랜 논의 끝에, {s10} 은 {s11} 을 당신에게 주기로 했다. 당신이 이것을 받아들인다면 한동안 다른 보상을 얻는 것은 포기해야 할 것이다.{s12}
mno_accept|명예롭게 받아들인다.
mno_decline|거절한다.
menu_start_phase_3|{s16}^^당신은 {s1}에 도달하고 완전히 지쳐 나가떨어질 지경이었다, 빠르게 잠들었으나. 주변을 살펴보고 싶은 알수없는 갈망에 이끌려 잠에서 깨어났다. 거리를 살펴보니, 모든 것이 고요했다. 순간, 섬뜩한 소리가 들린다 -- 검날이 칼집에서 스치는 소리...
menu_start_phase_4|{s11}
menu_lost_tavern_duel|{s11}
menu_establish_court|{s4}에 당신의 궁전을 설립하기 위해서는 작은 재단장이 필요합니다. 특히, 당신은 연장(tools) 한 세트와 벨벳 한 필이 필요합니다. 또한 당신의 추종자들을 이곳에 재배치하기 위한 짧은 시간도 필요합니다. 당신은 진행하시겠습니까?
mno_establish|{s4}에 당신의 궁궐을 설립합니다.
menu_notification_relieved_as_marshal|{s4}는 당신에게 총사령관으로서의 당신의 조력을 더 이상 필요로 하지 않는다고 알리고 싶어합니다. 지난 {reg4}일 간 왕국의 이익을 위한 영웅적인 노력의 영광은 끝났습니다. 그러나, {reg8?그녀:그}는 {reg5} 실버를 당신에게 제공했습니다.
menu_introduccion_1|My name is Mildgyd The Old, and if you delve into this world, I recommend you listen carefully...^^Britain. The Britons call her Ynys Prydein, the Irish call her Alba while the Angles and Saxons gave the name of Englaland to the lands they conquered. The old isle has seen many conquerors and invaders, and for centuries the blood of warriors has fed the earth. First the Britons were here. Then the Romans came and they subdued the island they called Britannia. Some of the Britons became Roman themselves, and in the north the legions kept fighting the barbarians for many years. But one day, the empire fell and the legions withdrew from the island.^^What remained of Roman Britain was raided by Picts and Irishmen alike. The great wall built by the Romans from the sea of Ireland to the sea of Germany was no longer of any use, and their forts were deserted. The Britons, who had worshipped the God of the Christians were the prey of the barbarians and their internecine wars.To help them against their foes, they invited among them the fierce Saxons. But it was not long before they broke the alliance and rose against those who had welcomed them. For many years wars scorched the land, and strong leaders left their legacies: Emrys, Arthur, Urien in the north. Among them, Arthur had achieved the greatest success, slaughtering the Jutes and the Saxons at Mynydd Badon and forcing them into a lasting peace for 50 years.^^But the worst foes of the Britons were the Britons themselves, and their kings spent more time killing each other than fighting the invaders. This was enough for the Angles and Saxons to conquer more and more land in Britain, taking one realm after another.
mno_introduccion_yes|계속...
menu_introduccion_1_1|Saxon kingdoms replaced them, and Britons fell under the rule of Saxon masters. Mercia, Wessex, Kent, East Anglia and Bernicia are today the most powerful kingdoms of the foreigners. After Urien Rheged was slain the kings of Bernicia brought the Old North to its knees. That was so, until Cadwallon of Gwynedd and Penda of Mercia joined forces and crushed the Angles of Bernicia and Deira and killed the Brytenwalda Edwin at Haethfelth. For one year the king of Gwynedd ravaged the realms north of the Humber, before being killed by Oswald, the new king of Bernicia.^^With his Briton allies Cadafael of Gwynedd and Cynddylan Pengwern, Penda the pagan king of Mercia is gathering his warbands for a new campaign against the Bernicians. From the far north, echoes the clash of swords between the Scots of Dal Riada, the Picts of Fortriu and the men of Alt Cluit. In the south the Britons of Dumnonia and Gwent are facing the threat of the Gaewissae and Hwicce. The warlords of Ireland are fighting each other to become the new Ard Ruire.^^My story is not over, warrior. It is for you to continue, to become a warlord praised by the bards for centuries to come, to lead this island to its fate.Once again women shall be widowed and horses carry arms instead of hay. Again the echoes of shouts from assaulting warriors shall fill the air, and the earth lie barren before scattering armies. Again mortal enemies shall rise equipped in armour.^^Ravens are calling, wolves are howling, spears clash and shields answer.
mno_introduccion_yes2|계속...
menu_introduccion_2|                              BRYTENWALDA PRESENTS:
mno_introduccion_yes3|계속...
mno_introduccion_yes4|뒤로.
menu_introduccion_3|In the first centuries after the departure of Roman troops, the ancient province of Britannia faced one of the biggest threats in its history...^^Taking advantage of the weakness of Britain, the Irish from the west and the Picts from the north threw themselves in like wolves onto prey to loot the remains of a once wealthy empire.^^From Europe several Germanic peoples arrived: Jutes, Angles and Saxons, and to a lesser extent, lower Frisians and other tribes.First came the warriors, thousands of them, invited by the Britons to help them against the raiding Picts and Irish. But the Anglo-Saxons rebelled and subdued the ground with anger and fire. Then came whole families, settlers of the new kingdoms created by the warriors. Conquered Britons adopted their cultures and language. This is the origin of what will become England.^^By the 7th century, the Anglo-Saxons ruled the eastern half of the island, and mighty kingdoms clashed together. The strongest king among the Angles and Saxons was known as Brytenwalda: Master of Britain. In year 636 AD, the title was held by Oswald, king of Bernicia, the northernmost kingdom of the Angles. The Britons of Gwynedd wanted to take revenge on him for the death of their king Cadwallon, and the pagan king Penda of Mercia wanted to take his power.^It is a heroic age, a time of fear and steel. A time that many do not know, but can now stir their interest.^^Brytenwalda team brings you the 7th century - The Dark Ages - attempting to recreate it as closely as a video game allows. We have for you a time machine...^If what we've told you excites eagerness, and curiosity has not deserted you, go forth and explore... Maybe, if you're lucky enough history will record your footsteps and your story will be told as we today speak of Arthur.
menu_economia_report|You need see...
mno_dplmc_show_economic_report|도시 발전도 리포트 보기.
mno_spy_report|스파이 정보 보기.
mno_backl_report|Back.
menu_dplmc_economic_report|{s0}
mno_dplmc_backec|Continue...
menu_port|당신은 {s1}의 항구를 방문했습니다. 당신은 주변을 둘러보는 동안 해안에서 밀려오는 강력한 바람의 기운을 느낄 수 있습니다. 많은 배들이 이 곳에 정박해있습니다. 선원들이 물건들을 적재 하는게 보이고 한무리의 남자들이 출항 문제로 고군분투 하는 것이 보입니다.  하늘 위에는 갈매기 들이 무리를 지어 날아다니고 있습니다.
mno_town_port|항구를 방문한다.
mno_dummy_1|{s10}
mno_dummy_2|{s10}
mno_dummy_3|{s10}
mno_dummy_4|{s10}
menu_Ship_notes|왕립 상단들은 항구의 모든 배들을 기록해놉니다. 그들의 명단서가 당신의 배가 어딨는지 말해줍니다. ^{s3}
menu_choose_ship|다음의 목록을 배에 적재합니다. 항해할 배를 하나 선택하세요, 물론 선원이 충분해야만 합니다.
mno_ship_1|{s1}
mno_ship_2|{s1}
mno_ship_3|{s1}
mno_ship_4|{s1}
mno_ship_5|{s1}
menu_camp_smoking_food|어떤 음식을 굽겠습니까? 일부는 태워버릴수도 있고, 시간도 조금 걸릴 것입니다 .
mno_smoke_fish|물고기를 굽는다..
mno_smoke_boar_meat|멧돼지고기를 굽는다.
mno_smoke_wolf_meat|늑대고기를 굽는다.
mno_smoke_coat_meat|염소고기를 굽는다.
mno_smoke_coat_2_meat|염소고기를 굽는다.
mno_smoke_cattle_meat|소고기를 굽는다.
mno_smoke_venison|사슴고기를 굽는다.
mno_smoke_pork|돼지고기를 굽는다.
mno_smoke_pollo|닭고기를 굽는다.
menu_world_map_soldier|어떤 행동을 할까.
mno_join_commander_battle|지휘관을 따라 전투에 참가한다.
mno_enter_town|머무르고 있는 도시에 들어간다.
mno_commander|지휘관에게 면담을 요청한다.
mno_desert|부대에서 탈영한다. (관계하락 및 현상수배)
mno_report|소속부대 정보.
mno_return_to_duty|필드화면으로 돌아간다.
menu_commander_aud|당신은 지휘관에게 면담을 요청하였고 마침네 {s6} 가 그의 천막에서 면담을 허락했습니다.
mno_reject_talk_lord|아니, 생각없소.
menu_ask_revolt|당신은 진정 반란을 원합니까?
mno_confirm_revolt|그렇소, {s6} 는 우리에게 죽을것이오, 때가 되었소!
mno_reject_revolt|아니, 나는 {s6}에게 충성할 것이오.
menu_revolt|반란을 용이하게 하기 위해 포로들을 석방시키겠습니까?
mno_revolt_prisoners|그래, 대의를 위해서라면 그 정도 위험쯤이야.
mno_revolt_no_prisoners|아니, 죄수놈들을 신뢰할 수 없다.
menu_ask_desert|당신은 정말 탈영할 작정입니까?
mno_confirm_desert|그래, 이것은 완전히 의미 없어졌어.
mno_reject_desert|아니, 나는 사령관에 헌신할 것이다.
menu_desert|부대에 있는 동안 생긴 친구들을 만나보겠습니까. 일부는 당신을 따를 것입니다.
mno_desert_party|그들이 당신을 따르게 하도록 시도해본다.
mno_desert_alone|아니 난 혼자인 편이 좋아.
menu_upgrade_path|당신의 활약 덕에 승급의 기회를 얻게 되었습니다.
mno_upgrade_path_1|{s66}
mno_upgrade_path_2|{s67}
menu_encontrar_guarida|비밀 주둔지 관리 메뉴. ^^ 행동을 고르시오:
mno_camp_build_watchtower|비밀 주둔지를 건설. (20000 실버)
mno_fort_rename|비밀 주둔지 명칭 변경.
mno_camp_demolish_watchtower|비밀 주둔지 철거. (500 실버)
mno_camp_end_watchtower|캠프로 돌아간다.
menu_contratar_personal|인사 고용 메뉴. ^^ 다음을 고용한다:
mno_contratar_hoar|매춘부. (1000 실버)
mno_despedir_hoar|매춘부 해고. (500 실버)
mno_contratar_sacerdote|유일신교 성직자를 고용. (1000 실버)
mno_despedir_sacerdote|성직자 해고. (500 실버)
mno_contratar_sacpagano|토착 종교 신앙인 고용. (1000 실버)
mno_return_principal|복귀.
menu_choose_music|무엇을 하시겠습니까?
mno_simple|간단한 음악을 연주.(1 hour)
mno_medium|보통 음악을 연주.(3 hours)
mno_complex|복잡한 음악을 연주.(5 hours)
mno_lordly|웅장한 음악을 연주.(15 hours)
mno_royal|격렬한 음악을 연주.(35 hours)
mno_speech|담화를 한다.(3 hours)
mno_leave_atras|[떠난다]
menu_perform_music|{s0}
menu_upgrade_to_hero|당신은 병사들중 하나가 전투에서 엄청난 성과를 올렸음 알고있었다. ^그의 앞으로 가서, 그리고 ...
mno_hero_1|멈춰서서 {s1} 과 대화한다.
mno_hero_2|멈춰서서 {s1} 과 대화한다.
mno_hero_3|멈춰서서 {s1} 과 대화한다.
mno_hero_4|멈춰서서 {s1} 과 대화한다.
mno_prev|예전 줄로 간다.
mno_next|다음 줄로 간다.
mno_close|닫는다.
menu_saquear_monasterio|피묻은 재화. 부하들중 종교에 관심없는 몇몇을 {s3}로 보냈다, 그들을 가로막는 이들은 모두 죽이고 재화를 빼앗았다.  이곳을 완전히 파괴한 다음 {reg3} 실버를 얻었다.
mno_spoils_woden|몇명의 수도승을 죽이고 전리품을 가졌다.(토착 종교)
mno_spoils_old_gods|몇몇 수도승을 고대신들의 제물로 삼고 전리품을 가졌다.(사교도)
mno_spoils_alls|수도승들을 희생시키고 제물을 가졌다.
mno_attack|나는 약탈당한 사람들을 도와주고 싶다.
menu_panel_comandante|전투 시작 전...
mno_choice_1|인상깊은 연설을 통해 병사들의 사기를 복돋는다.
mno_choice_2|적들에게 다가가 명예로운 결투를 제안한다.
mno_choice_3|척후병: 별동대를 적 후방에 투입한다.
mno_choice_4|신을 위해 제물을 바친다.
mno_choice_5|아무것도 하지 않는다.
menu_escaramuza_1|경, 적 지휘관의 전략이 당신을 압도하고 있습니다, 우리가 준비하기도 전에 화살세례를 받아 상당한 희생자가 생겼습니다.^^아군 피해:{s8}
mno_defendiendo_1|제길.
menu_escaramuza_2|아군 원거리병력을 적절히 배치한 덕에, 사거리에 아슬아슬하게 걸친 적들에게 상당한 피해를 주었습니다.^^적군 피해: {s9}
mno_defendiendo_2|잘했다.
menu_escaramuza_3|당신의 병력이 다가가자 적 지휘관이 알아채고 이를 격퇴할 인원을 내보냈다. 병력을 잃지 않기 위해 퇴각시켰다.
mno_defendiendo_3|알았다.
menu_lucha_2_no|아무도 결투를 원하지 않는 듯 합니다.
mno_defendiendo_4|뒤로.
menu_lucha_1_d|적 전사가 당신의 부대 앞으로 다가와 돌을 집어 던집니다. 그는 가지고 있던 술을 마시더니 우드득 소리를 내며 요란하게 몸을 풀고 있습니다. 옷을 벗어던지고, 창과 방패로만 무장했습니다.^그는 당신의 부대에서 나올 도전자를 기다리는 것이 틀림 없습니다.^당신이 말을 꺼내기도 전에, 대열에서 한 젊은 전사가 튀어나옵니다. 그는 우리 부대에서 가장 뛰어난 전사도 아니고 단지 용기가 있을 뿐인 청년이었습니다.^젊은 전사는 조금식 이동하며 적에게 다가갑니다. 젊은 전사는 가벼운 타격을 몇번 날리지만 방패에 막혔습니다. 적 전사는 창을 크게 휘둘러 젊은 전사의 심창에 창끝을 꽂아 넣었습니다...^^이 결투는 아군 패배입니다.
mno_defendiendo_5|뒤로.
menu_lucha_2_v|당신의 부하중 하나가 대열에서 나와 걸어갔다, 기분나쁜 미소를 지으며 적 전사를 조롱했다. 적 전사는 아군 전사에게 달려들었다, 그가 날린 투창을 가볍게 쳐낸 아군 전사는 그의 검을 치켜세워 들고 전쟁의 함성을 질렀다.^두 전사는 창과 검을 쳐내고 방패를 휘두르며 엉켜 싸웠다.^가까운 곳에서 지켜보던 당신은 이 결투에서 처음이자 마지막으로 흘러나오는 피를 보았다, 그것은 당신의 전사가 적의 입을 찢어 놓은 것이었다. 당신의 전사는 잠시 숨을 고른 다음 소리 질렀다.: '나는 입이 졸라 크다!'^^이 결투에서 아군이 승리했다.
mno_defendiendo_6|뒤로.
menu_lucha_1_p|적군의 우두머리는 당신이 직접 이 결투에 응할 것을 제안했다.
mno_defendiendo_7|받아들인다.
mno_defendiendo_8|뒤로.
menu_sacrificio_off|당신의 기도와 제물에도 불구하고 신은 여전히 침묵하고 계시다.
mno_sacri_1|뒤로.
menu_sacrificio_1|갑자기 제물이된 동물의 몸에서 벌레가 우글거린다. 이것은 나쁜 계시다.^오늘 싸우는 것은 현명하지 못한것 같다.
menu_sacrificio_2|제물이 된 짐승에게서 피가 베어나오자, 당신의 부하가 하늘을 가로지르는 독수리를 가리켰다. 이것은 좋은 계시다. ^적을 공격하기 좋은 때 임에 틀림없다.
menu_sacrificio_3|제물이 된 짐승의 목을 꿰뚫자, 그 상태로 날뛰며 달아나버렸다. 이것은 안좋은 계시다 ^오늘 싸우는 것은 현명하지 못한것 같다.
menu_sacrificio_4|제물이 된 짐승의 배를 가르자 은반지가 나왔다. 이것은 좋은 계시다. ^당신은 전투를 준비했다.
menu_discurso_off|당신은 한발 내딛어 걸으며 연설했다, 유명한 말을 인용해가며 노력했지만 그리 매끄럽지 못했다. 당신은 한 마디 단어로 표현하기 힘들 만큼 당혹스러웠다.
menu_discurso_1|당신의 연설은 병사들의 사기에 즉시 영향을 주었습니다.
menu_discurso_2|당신의 연설은 병사들의 사기에 즉시 영향을 주었습니다.
menu_discurso_3|당신의 연설은 병사들의 사기에 즉시 영향을 주었습니다.
menu_discurso_4|당신의 연설은 병사들의 사기에 즉시 영향을 주었습니다.
menu_discurso_5|당신의 연설은 병사들의 사기에 즉시 영향을 주었습니다.
menu_discurso_6|당신의 연설은 병사들의 사기에 즉시 영향을 주었습니다.
menu_discurso_7|당신의 연설은 병사들의 사기에 즉시 영향을 주었습니다.
menu_discurso_8|당신의 연설은 병사들의 사기에 즉시 영향을 주었습니다.
menu_discurso_9|당신의 연설은 병사들의 사기에 즉시 영향을 주었습니다.
menu_discurso_10|당신의 연설은 병사들의 사기에 즉시 영향을 주었습니다.
menu_discurso_11|당신의 연설은 병사들의 사기에 즉시 영향을 주었습니다.
menu_discurso_12|당신의 연설은 병사들의 사기에 즉시 영향을 주었습니다.
menu_town_recruit_troops|오늘은 특별한 날이다. 마을 광장에 뛰어난 청년들이 바글바글 하기 때문이다. 당신은 {reg15}실버로 고용을 시도해 볼 수 있다..
menu_town_recruit_troops2|아무도 당신에게 합류하기를 원치 않는다.
menu_town_recruit_troops3|마을을 떠도는 거지들이 당신의 부대에 합류하길 원합니다.
mno_acept_them|그들을 고용한다. (50 실버)
menu_refugee_recruit_troops1|과부와 고아들이 당신의 부대에 합류하여 병사로 새 인생을 사는것을 원합니다.
menu_refugee_recruit_troops2|아무도 당신에게 합류하지 않았습니다.
menu_refugee_recruit_troops3|양치기와 농부가 당신의 부대에 합류하길 원합니다.
menu_refugee_recruit_troops4|현상금 사냥꾼들이 당신의 부대에 합류하길 원합니다.
menu_refugee_recruit_troops12|과부와 고아들이 당신의 부대에 합류하여 병사로 새 인생을 사는것을 원합니다.
menu_refugee_recruit_troops22|아무도 당신에게 합류하지 않았습니다.
menu_refugee_recruit_troops32|양치기와 농부가 당신의 부대에 합류하길 원합니다.
menu_refugee_recruit_troops42|젊은 전사들이 당신의 부대에 합류하길 원합니다.
menu_notification_kingdom_restoration|반란이다!!!^^ 패배한 왕국 {s13}의 시민들이 그들의 무기를 들고 일어났다. {s12}로부터  {s14}를 되찾기 위해 그들은 싸움을 시작했고, 결국 {s13} 은 탈환되었다! 왕을 위하여!
menu_dplmc_notification_alliance_declared|동맹을 선언했습니다.^^{s1}와(과) {s2}. 동맹 맺었습니다.^{s57}
mno_dplmc_continue|계속...
menu_dplmc_notification_defensive_declared|방위협정을 선언했습니다.^^{s1}와(과) {s2}. 군사적 동맹을 맺었습니다.^{s57}
menu_dplmc_notification_trade_declared|{s1}와(과) {s2}들이 무역협정을 선언했습니다.^^무역협정을 맺었습니다.^{s57}
menu_dplmc_notification_nonaggression_declared|불가침 조약을 선언했습니다. ^^{s1}와(과) {s2} 불가침 조약을 체결했습니다.^{s57}
menu_dplmc_question_alliance_offer|동맹 제안이 왔습니다.^^{s1}은 당신과 동맹을 맺고 싶어 합니다. 어떻게 하시겠습니까?
mno_dplmc_alliance_offer_accept|수락한다.
mno_dplmc_alliance_offer_reject|거절 한다.
menu_dplmc_question_defensive_offer|방위협정 제안이 왔습니다.^^{s1}은 당신과 군사적 동맹을 맺고 싶어 합니다. 어떻게 하시겠습니까?
mno_dplmc_defensive_offer_accept|수락한다.
mno_dplmc_defensive_offer_reject|거절 한다.
menu_dplmc_question_trade_offer|무역협정 제안이 왔습니다.^^{s1}은 당신과 무역협정을 맺고 싶어합니다. 어떻게 하시겠습니까?
mno_dplmc_trade_offer_accept|수락한다.
mno_dplmc_trade_offer_reject|거절 한다.
menu_dplmc_question_nonaggression_offer|불가침 조약 제안이 왔습니다.^^{s1}은 당신과 불가침 조약을 맺고 싶어합니다. 어떻게 하시겠습니까?
mno_dplmc_nonaggression_offer_accept|수락한다.
mno_dplmc_nonaggression_offer_reject|거절 한다.
menu_dplmc_notification_alliance_expired|동맹 기간이 만료되었습니다.^^{s1}와(과) {s2}의 관계는 방위협정으로 바뀌었습니다.
menu_dplmc_notification_defensive_expired|방위협정 기간이 만료되었습니다.^^{s1}와(과) {s2}의 관계는 무역협정으로 바뀌었습니다.
menu_dplmc_notification_trade_expired|무역협정 기간이 만료되었습니다.^^{s1}와(과) {s2}의 관계는 불가침 조약으로 바뀌었습니다.
menu_dplmc_dictate_terms|휴전을 지시한다.
mno_dplmc_demand_4000|4000 실버를 요구한다.
mno_dplmc_demand_8000|8000 실버를 요구한다.
mno_dplmc_demand_castle|{s2} 성을 요구한다.
mno_dplmc_go_back|뒤로 가기.
menu_dplmc_deny_terms|{s1}은(는) 당신의 제안이 거절되어, 협상이 결렬 되었습니다.
menu_dplmc_village_riot_result|{s9}
menu_dplmc_village_riot_removed|피비린내나는 전투에서 당신과 당신의 일행들은 반란군을 잔인하게 학살하였고, 마을 통제권을 되찾았습니다.
menu_dplmc_town_riot_removed|피비린내나는 전투에서 당신과 당신의 일행들은 반란군을 잔인하게 학살하였고, 도시 통제권을 되찾았습니다.
menu_dplmc_riot_negotiate|당신은 성난군중들의 리더에게 접근하여 협상을 시작했습니다. 그는 당신이 {reg0}를 내놓으면 무기를 놓겠다고 제안했습니다.
mno_dplmc_pay_riot_treasury|국고에서 대신 지불하라고 재무장관에게 말한다.
mno_dplmc_pay_riot_cash|지불한다.
mno_dplmc_back|뒤로...
menu_dplmc_notification_riot|{s1}에서 폭동이 일어났습니다. 나중에 합류한 폭동들의 기습공격에 충신들은 살해 되었습니다.
menu_dplmc_notification_appoint_chamberlain|봉토의 영주로서 주급 15실버로 당신의 궁궐에 궁내부 장관 임명할수 있습니다. 그는 세율조절,징세,임금지불같은 당신의 재산에 관한 금융업무를 처리합니다. 또한 외교에서 오가는 금전도 감독합니다.
mno_dplmc_appoint_default|지역 안에 영향력있는 귀족에게 임명한다.
menu_dplmc_chamberlain_confirm|당신이 금융업무나 큰 돈이 필요하다면, 궁궐에 있는 궁내부 장관에게 상담 할 수 있습니다.
menu_dplmc_notification_appoint_constable|봉토의 영주로서 주급 15실버로 당신의 궁궐에 군무 장관을 임명할수 있습니다. 그는 새로운 병사를 모집하고 군대의 정보를 당신에게 제공합니다.
menu_dplmc_constable_confirm|당신이 새로운 병사를 모집하고 상비군에 대한 자세한 정보 얻고 싶다면 궁궐에 있는 군무 장관에게 일임하면 됩니다.
menu_dplmc_notification_appoint_chancellor|봉토의 영주로서 주급 20실버로 당신의 궁궐에 재상을 임명할수 있습니다. 그는 당신의 인감과 전령들을 관리 담당합니다.
menu_dplmc_chancellor_confirm|당신이 전갈이나 선물을 보내려면 궁궐에 있는 재상에게 일임 하면 됩니다.
menu_dplmc_deserters|부하들 중 {s11}은(는) 당신이 임금지불을 하지 않아서 떠난다고 합니다.
menu_dplmc_negotiate_besieger|당신은 성외곽에 백기를 내걸자, {s11}의 포위군의 교섭자가 {s6}뿐만 아니라 관련 마을 안전 보장을 대해 {reg0}실버를 요구 했습니다.
mno_dplmc_comply_treasury|국고에서 대신 지불하라고 재무장관에게 말한다.
mno_dplmc_comply|지불한다.
mno_dplmc_break_off|협상이 결렬되었습니다.
menu_dplmc_messenger|폐하, {s10}을(를) 찾아서 메세지를 받았습니다. 그는 {s11}라고 전하였습니다.
menu_dplmc_scout|당신의 스파이가 복귀했다. {s10}^^{s11}{s12}
menu_dplmc_domestic_policy|당신 왕국의 통치 방식을 정할 수 있습니다. 변경하시겠습니까?
mno_dplmc_yes|그래 난 변화를 원해.
mno_dplmc_no|아니 그대로 가자고.
menu_torneo_opciones|Preferences
mno_disable_avdificultad|클릭하여 해제하기: 숙련자 레벨.
mno_enable_avdificultad|클릭하여 활성화하기: 숙련자 레벨.
mno_tonero_back|Back...
menu_dplmc_preferences|설정
mno_formation_mod_option|진형 모드 설정
mno_disable_realism_upgrade|클릭하여 현실적인 승급 OFF(현재 ON) (경험치 두배 요구)..
mno_enable_realism_upgrade|클릭하여 현실적인 승급 ON(현재 OFF) (경험치 두배 요구).
mno_dplmc_disable_battle_continuation|전투 기절 후 시점 OFF(현재 ON).
mno_dplmc_enable_battle_continuation|전투 기절 후 시점 ON(현재 OFF).
mno_disable_siege_realism|클릭하여 현실적인 공성전 OFF(현재 ON).
mno_enable_siege_realism|클릭하여 현실적인 공성전 ON(현재 OFF).
mno_enable_alturas|클릭하여 케릭터 신장 옵션 ON(현재 OFF).
mno_alturas_disable|클릭하여 케릭터 신장 옵션 OFF(현재 ON).
mno_action_tactics_on|클릭하여 현실적인 전투결과 모드 OFF(현재 ON).
mno_action_tactics_off|클릭하여 현실적인 전투결과 모드 ON(현재 OFF).
mno_weapon_breaking_disable|클릭하여 무기파괴 모드 OFF(현재 ON).
mno_enable_weapon_breaking|클릭하여 무기파괴 모드 ON(현재 OFF).
mno_enable_shield_bash|클릭하여 방패밀어치기(우클릭상태에서 좌클릭) ON(현재 OFF).
mno_shield_bash_disable|클릭하여 방패밀어치기(우클릭상태에서 좌클릭) 모드 OFF(현재 ON).
mno_diseble_moral_rest|휴식 안하면 사기 저하 OFF(현재 ON).
mno_enable_moral_rest|휴식 안하면 사기 저하 ON(현재 OFF).
mno_enable_decapitation|고어(머리잘림) 모드 ON(현재 OFF).
mno_decapitation_disable|고어(머리잘림) 모드 OFF(현재 ON).
mno_enable_fatigas|클릭하여 피로/스테미나 시스템 ON(현재 OFF).
mno_fatigas_disable|클릭하여 피로/스테미나 시스템 OFF(현재 ON).
mno_enable_caeratras|클릭하여 뒷걸음질 페널티 (넘어짐) ON(현재 OFF).
mno_disable_caeratras|클릭하여 뒷걸음질 페널티 (넘어짐) OFF(현재 ON).
mno_enable_sp_criticos|출혈,후방공격 ON(현재 OFF).
mno_disable_sp_criticos|출혈,후방공격 OFF(현재 ON).
menu_event_01|바드가 당신의 무용담에 대한 노래를 부르기 시작합니다.
mno_choice_01_1|죽이는데!
mno_choice_01_2|200을 주고 여러곳에서 부르기를 권장한다.
mno_choice_01_3|무용담? 명예? 좆까라고해!
menu_event_02|당신의 명성이 나라 곳곳에 퍼지고 있습니다. 당신이 가는 곳마다 마을 거지들이 앵기고 있습니다.
mno_choice_02_1|200을 주고 돌려보낸다.
mno_choice_02_2|무시한다.
mno_choice_02_3|거지라고? 여봐라 개를 풀어라!
menu_event_03|어떤 젊은 놈이 당신의 어머니에 대한 소문을 퍼트리고 있습니다. 세상에서 가장 오래된 직업중 하나에 오래 종사한 분이라고 하는군요(몸파는 직업).
mno_choice_03_1|개새끼 결투다!
mno_choice_03_2|알게뭐야.
mno_choice_03_3|그에게 확실한 사고가 벌어지게 만든다. 지나가는데 벽돌이 머리위로 떨어진다든지.
menu_event_04|당신은 부대에 포로로 있는 병사의 아내와 만났다. 그녀는 남편을 해방시켜 달라며 빌었다. 그가 없으면 가족들이 굶어 죽어야 한다는 것이다. 만일 그가 돌아온다면 가족 모두가 행복하게 살수 있을 것이다.
mno_choice_04_1|그런 일이! 자 여기 200 실버. 받고 힘내시게
mno_choice_04_2|약속은 지켜져야 한다. Pacta sunt servanda!
mno_choice_04_3|하하. 굶긴 왜 굶어? 내 병사들이 이렇게 젊고 아름다운 여자의 ‘서비스’를 받을 수 있을건데?
menu_event_05|어떤 사교계 인물이 당신에 대한 루머를 퍼트리고 있다. 이 일이 계속 된다면 언젠가 루머가 진실로 받아들여지게 될 것이다.
mno_choice_05_1|그에게 원하는 게 무엇인지 물어본다. 누구나 자신의 정의는 있지않은가.
mno_choice_05_2|그의 거짓에 대한 충실한 반박을 퍼트린다. 이것에는 300 실버의 비용이 든다.
mno_choice_05_3|그를 멈추게 한다. 100 실버가 그가 말하는 것을 까먹게 하는데 도움을 줄것이다.
mno_choice_05_4|감옥에 쳐 박아 버린다. 날 모욕하는 것은 범죄다.
mno_choice_05_5|그의 집과 재산을 불태우고 영원히 입다물게 만든다.
menu_event_06|{s1}의 폭도들이 세금 징수자들의 부정에 불만을 표출하고 있다. 그들은 정의를 원한다. 시간이 갈수록 상황은 악화되고. 이것은 완전한 반란으로 진행될 가능성이 있다.
mno_choice_06_1|농부들이 잃은 것에 대해 조사를 시작한다.
mno_choice_06_2|확산되기 전에 경비대를 돌진시킨다.
mno_choice_06_3|그들을 집으로 돌려보내고 초과된 세금을 착복한다.
menu_event_07|한 방랑자, 추레해 보이고 무장도 없는, 그가 당산에게 다가왔다. {s1}에서 온 음유시인이라 밝힌 방랑자는 당신의 허락만 있다면 당신의 위대함에 대한 노래를 짓겠노라 말했다. 당신의 동료들은 당신이 뭔가 대꾸하길 기대하며 곁눈질 하고 있다. 당신은...
mno_choice_07_1|허락하고 크게 대접한다 -300 실버-.
mno_choice_07_2|허락하고 100 실버을 쥐어준다.
mno_choice_07_3|노래는 지어도 좋지만 줄 것은 없다.
mno_choice_07_4|사람을 시켜 이 거지새끼를 끌어낸다.
menu_event_08|당신을 향히 힘겹게 다가오는 사람을 발견했다. 당신의 손짓으로, 부하들은 그와 대면했다. 자신을 {s1}의 전령이라 밝히고 쉴새 없이 말을 이어갔다. <fief>에서 영향력 있는 사람이 {s2}에 사망하였고 그의 가족들은 그의 부음을 {s1}에 명예로운 방법으로 공식발표 해주기를 바란다는 것이다. 당신은...
mno_choice_08_1|요청을 받아들인다.
mno_choice_08_2|요청을 거절한다.
menu_event_09|숲속을 여행하다 덫에 걸린 불쌍한 동물을 발견했다. 당신은?
mno_choice_09_1|동물을 풀어준다.
mno_choice_09_2|덫을 조이고 동물을 죽인다!
mno_choice_09_3|무시하고 지나간다.
menu_event_10|숲속을 여행하다 나무에 매달린 농부를 발견했다, 도적단에 의한 것인듯 하다. 당신이 할 일은?
mno_choice_10_1|농부를 풀어준다.
mno_choice_10_2|무시하고 지나간다.
mno_choice_10_3|죽여버린다.
menu_event_101|당신은 이제 유명한 리더이다, 한 무리의 귀족 청년들이 당신에게 합류하고 싶다고 말했다. 그러나 그들은 당신의 부하들보다 좋은 대접을 원하는 듯하다.
mno_choice_101_1|그들을 환영한다.
mno_choice_101_2|부대원은 충분히 있다.
mno_choice_101_3|그들을 죽이고 소지품을 약탈한다.
menu_event_102|당신은 이제 유명한 리더이다, 이에 당신을 흠모한 한 무리의 여자들이 부대에서 할일을 찾고 싶다며 제의해 왔다.
mno_choice_102_1|그녀들을 환영한다.
mno_choice_102_2|필요없다.
menu_event_103|당신은 이제 유명한 리더이다, 이에 당신의 명망을 찬양하는 한 무리의 바드가 합류하려 한다.
mno_choice_103_1|그들을 환영한다.
mno_choice_103_2|필요없다.
menu_event_11|당신이 제안한 내기 결투에서 당신의 부하가 상대를 죽었다. 당신이 할 일은?
mno_choice_11_1|200 실버을 지불한다.
mno_choice_11_2|돈을 주지 않는다.
mno_choice_11_3|무조건 내 알 바 아니다
menu_event_12|성직자가 당신의 부하에게 죽었다. 그것도 당신이 제안한 500실버짜리 내기 걸투에서. 당신이 할 일은?
mno_choice_12_1|비용을 지불한다.
mno_choice_12_2|돈을 주지 않는다.
mno_choice_12_3|내 알 바 아니다.
menu_event_13|당신은 해골들의 잔해를 발견했다.
mno_choice_13_1|당신의 부하들에게 상기시킨다. 이것은 신들의 남긴 상징이다, 고로 다음 전투는 무조건 이긴거다. 으하하!
mno_choice_13_2|무시한다.
mno_choice_13_3|이것은 불운을 상징한다며 그들이 검을 휘두르는데 보다 신념을 가지도록 상기시킨다!
menu_event_14|지역 농부가 당신 앞에 버티고 서있다, 그의 뒤엔 소녀가 울고 있다. 그는 당신의 부하 중 한 사람을 지목하며, 그가 자기 딸을 강간했다고 말한다.
mno_choice_14_1|내 사람이 한일이라 해도 용서는 없다! 낙인을 찍고 쫓겨낸다.
mno_choice_14_2|그를 체포해 매질하고 농사나 지으라고 한다.
mno_choice_14_3|세상이 원래 다 그래, 남자가 하고 싶은 거 한 거지 뭐. 농부 앞에서 대놓고 이렇게 말한다. 이 자식 억수로  운 좋은 놈일세!
menu_event_15|숲을 돌아다니다 '야생버섯 포시니' 이라고 알려진 버섯을 발견했다. 당신의 행동은?
mno_choice_15_1|주워 먹는다.
mno_choice_15_2|주워서 동료에게 준다.
mno_choice_15_3|무시한다.
menu_event_16|숲을 돌아다니다 '아름다운 국수 버섯' 이라고 알려진 버섯을 발견했다. 당신의 행동은?
mno_choice_16_1|(주의! 능력치 감소) 주워 먹는다.
mno_choice_16_2|주워서 동료에게 준다.
mno_choice_16_3|무시한다.
menu_event_17|숲을 돌아다니다 '광대 버섯' 이라고 알려진 버섯을 발견했다. 당신의 행동은?
mno_choice_17_1|(주의! 능력치 감소) 주워 먹는다.
mno_choice_17_2|주워서 동료에게 준다.
mno_choice_17_3|무시한다.
menu_event_18|근처 마을에서 쉬는 동안, 성직자의 아내가 당신에게 말한다. 우리 남편 없을 때 따로 만날 수 있을까요?.
mno_choice_18_1|흠…좋지.
mno_choice_18_2|당신은 남편과 가족이 있잖소.
mno_choice_18_3|꺼져 개년아.
menu_event_19|당신은 도적들에게 공격당하는 유일신교 무리들을 발견했다.
mno_choice_19_1|유일신교 무리들을 구하기 위해 달려든다. 도적들에게 성스러운 일을 방해해선 안 된다는 것을 가르쳐 주기 위하여.
mno_choice_19_2|도적들을 도와서 유일신교 놈들을 핏덩이로 만들어 준다.
menu_event_20|동전이 든 지갑을 발견!
mno_choice_20_1|고아와 노인을 위해 기부한다.
mno_choice_20_2|이 지갑은 내꺼야!
menu_event_21|도망가는 노예들을 발견했습니다.
mno_choice_21_1|제갈길 가게 나둔다.
mno_choice_21_2|그들을 잡아 주인에게 돌려준다.
menu_event_22|도적단이 상인을 습격하는 현장.
mno_choice_22_1|도적들을 공격한다.
mno_choice_22_2|도적들을 도와서 상인을 공격한다.
menu_event_23|당신의 유명세와 명예는 젊은 지원자들이 자발적으로 당신에게 합류하게 만들었다.
mno_choice_23_1|그들을 받아들인다.
mno_choice_23_2|더 이상 인원을 받아들일 수 없소.
menu_event_24|길에서 다죽어가는 사람을 발견했습니다, 그는 가혹한 환경에 홀로 남겨져 있습니다. 그가 말하길 강도를 당해 먹을 것을 살돈조차 남아있지 않아 굶어 죽을 지경이라 합니다, 전투에 경험이 있으며 부대에 합류시켜주면 충성을 다하겠다고 말합니다.
mno_choice_24_1|방치한다.
mno_choice_24_2|최소한 그가 살수 있을 만큼의 돈을 쥐어준다.
mno_choice_24_3|많은 양의 식량을 쥐어준다.
mno_choice_24_4|돈과 말을 주어 집으로 가게 한다.
mno_choice_24_5|부대에 합류시킨다.
menu_event_25|옷이 찢어지고 배고파 보이는 어린아이를 발견했습니다. 아이가 음식을 구걸하며 가족들이 모두 굶어 죽을 지경이라 말합니다.
mno_choice_25_1|무시한다.
mno_choice_25_2|약간의 돈을 준다.
mno_choice_25_3|많은 돈을 준다.
menu_event_26|도적무리가 당신의 캠프에 다가왔습니다. 당신의 휘하에 들어가고 싶다고 합니다.
mno_choice_26_1|물론 나의 부대는 피에 굶주련 녀셕들을 좋아하지!
mno_choice_26_2|미안하지만, 너같은 새끼들을 쓸수는 없지!.
mno_choice_26_3|우선 너희들의 가치를 증명해라. 마을을 약탈해서 제물을 바치고 너희 대장의 모가지를 뽑아서!
mno_choice_26_4|다 죽여버린다!
menu_event_27|유일신교 설교자가 다가와 부하들에게 개종을 권하고 있습니다.
mno_choice_27_1|그가 하던일을 하게 나둔다!.
mno_choice_27_2|그에게 부대 안에 자리를 마련해준다!.
mno_choice_27_3|목을 졸라버린다!
menu_event_28|토착 종교 설교자가 다가와 부하들에게 개종을 권하고 있습니다.
mno_choice_28_1|그가 하던일을 하게 나둔다!.
mno_choice_28_2|그에게 부대 안에 자리를 마련해준다!.
mno_choice_28_3|목을 졸라버린다!
menu_event_29|토착 종교 신전을 발견했다. 사제들은 각자 일하기에 바쁘고 아무런 무장도 없다. 안에 값진 것들이 잔뜩 있을 것 같다...
mno_choice_29_1|나두고 지나간다!.
mno_choice_29_2|안으로 들어가 기도하고 기부한다. (200 실버).
mno_choice_29_3|사제들을 전부 죽이고 약탈한다음 신전을 불태운다!
menu_event_30|유일신교 신전을 발견했다. 사제들은 각자 일하기에 바쁘고 아무런 무장도 없다. 안에 값진 것들이 잔뜩 있을 것 같다...
mno_choice_30_1|나두고 지나간다!.
mno_choice_30_2|안으로 들어가 기도하고 기부한다. (200 실버).
mno_choice_30_3|사제들을 전부 죽이고 약탈한다음 신전을 불태운다!
menu_event_31|당신에게 패배한 적들이 신전에 들어가 있습니다. 사제들은 이곳이 성역이며 전투를 해서는 안된다고 말합니다.
mno_choice_31_1|무시하고 지나간다!.
mno_choice_31_2|그들의 안전을 보장하고. 신전에 기부한다.
mno_choice_31_3|뭐라고? 들어가서 성직자들 까지 몰살해라. 살려둘 이유가 없다!
menu_event_32|잊혀진 왕의 묘를 발견했습니다. 컨초버가 말하던 곳일지도 모릅니다.
mno_choice_32_1|도굴한다! (명예하락. 아이템 획득)
mno_choice_32_2|새로운 무덤지기를 고용해 관리하도록 한다.
mno_choice_32_3|무덤에 예를 표한다.
menu_event_33|주점에서 젊은 수도승이 이 땅의 종말에 대한 설교를 전파하고 있습니다. 그가 약간의 기부를 하면 강간을 일삼던 약탈자건 뭐건 간에 죄를 사하게 해준다고 주장합니다.
mno_choice_33_1|뭐라 지껄이든 무시한다. 가끔 있는 미친 놈이다.
mno_choice_33_2|기부를 하고 그를 불러 정말 수도승이 맞는지 알아본다.
mno_choice_33_3|돈을 내고 나둔다.
mno_choice_33_4|인내심을 가지고 설교를 마져 듣는다, 그의 말대로라면 세상에 진정 종말이 올 것임이 틀림없다.
menu_event_34|마을에 들른 것은 행운이었다. 이 마을의 베짜기 경연대회를 후원하여 당신의 명성을 올릴 기회가 온것이다.
mno_choice_34_1|마을에 충분한 보상을 해주고 가장 아름다운 여인을 우승자로 발표한 다음 그녀에게 당신의 방이 어디인지 알려주어 몸으로 보답받는다.
mno_choice_34_2|당신은 실망한 표정을 짓는다, 마을 장로는 심각한 표정으로 후원자가 모든 베들이 가치가 없다고 판단하였음을 공표했다, 당신은 술렁이는 마을을 빠져나왔다.
mno_choice_34_3|당신은 다양한 옷감을 살펴본 다음 어떤것이 우승작인지 진지하게 고민한다. 우승작을 발표하고 이를 위해 애써준 마을 장로의 공을 칭찬했다.
menu_event_35|당신의 부하와 정찰을 하는 동안, 정착해서 아이를 낳아 기르고 싶은 생각이들만큼 아름다운 장원을 지나갔다. 분위기를 알아챈 부하는 당신의 몸에서 좋은 향기가 나는 군요라며 수작을 걸기 시작했다.
mno_choice_35_1|크게 웃어 넘긴다, 나중에 그를 적진 깊숙히 보낸다 '중요 임무'.
mno_choice_35_2|당신은 그를 바라보았다. 잠시 분위기는 달라졌지만 나중에 아쉬워 했다.
mno_choice_35_3|당신은 억지로 웃었다. 정찰에서 복귀한 다음 경호원을 불러 비밀스러운 윙크를 날렸다. , 이것은 젊은 익살꾼의 머리가 꿰뚫릴 것이라는 뜻이었다.
menu_event_36|근처 마을에서 나온듯한 가축을 발견했다.
mno_choice_36_1|마을에 돌려주고 보상을 받지 않는다.
mno_choice_36_2|마을에 돌려주고 돈을 받는다.
mno_choice_36_3|저녁이다!! 도살하여 고기를 챙긴다.
menu_event_37|지나가던 여행자가 말하길 근처에 아랍 지역에서 온 이주민들이 있다고 한다.
mno_choice_37_1|그들을 공격한다, 이주하는 것이 쉽지 않다는 것을 깨닳도록 소수의 생존자를 남기고 학살한다.
mno_choice_37_2|길을 막고 통행세를 받는다, 살던 곳으로 돌아가던지 돈을 내던지.
mno_choice_37_3|이주민 무리가 가진 것을 최소한의 생존을 위한 것만 남기고 모두 빼앗는다.
mno_choice_37_4|그들에게 음식과 돈을 쥐어주며 가는 길을 돕는다. 그들이 당신의 이름으로 정착하도록.
mno_choice_37_5|그들을 무시한다. 그들은 그들의 길을 가는 것 뿐이다. 비록 위험이 도사리고 있는 곳일지라도.
menu_event_38|지나가던 여행자가 말하길 근처에 로마 지역에서 온 이주민들이 있다고 한다.
mno_choice_38_1|그들을 공격한다, 이주하는 것이 쉽지 않다는 것을 깨닳도록 소수의 생존자를 남기고 학살한다.
mno_choice_38_2|길을 막고 통행세를 받는다, 살던 곳으로 돌아가던지 돈을 내던지.
mno_choice_38_3|이주민 무리가 가진 것을 최소한의 생존을 위한 것만 남기고 모두 빼앗는다.
mno_choice_38_4|그들에게 음식과 돈을 쥐어주며 가는 길을 돕는다. 그들이 당신의 이름으로 정착하도록.
mno_choice_38_5|그들을 무시한다. 그들은 그들의 길을 가는 것 뿐이다. 비록 위험이 도사리고 있는 곳일지라도.
menu_event_39|지나가던 여행자가 말하길 근처에 조선 지역에서 온 이주민들이 있다고 한다.
mno_choice_39_1|그들을 공격한다, 이주하는 것이 쉽지 않다는 것을 깨닳도록 소수의 생존자를 남기고 학살한다.
mno_choice_39_2|길을 막고 통행세를 받는다, 살던 곳으로 돌아가던지 돈을 내던지.
mno_choice_39_3|이주민 무리가 가진 것을 최소한의 생존을 위한 것만 남기고 모두 빼앗는다.
mno_choice_39_4|그들에게 음식과 돈을 쥐어주며 가는 길을 돕는다. 그들이 당신의 이름으로 정착하도록.
mno_choice_39_5|그들을 무시한다. 그들은 그들의 길을 가는 것 뿐이다. 비록 위험이 도사리고 있는 곳일지라도.
menu_event_40|당신의 병사중 하나가 지역 장로의 딸을 강간했다.
mno_choice_40_1|이 상황을 무시한다.
mno_choice_40_2|병사에게 형벌을 내린다.
mno_choice_40_3|병사를 처형하고 사건에 대해 사과한다.
mno_choice_40_4|병사를 지역장로에게 넘긴다.
menu_event_41|당신의 병사중 하나가 이전 전투에서 입은 상처가 악화되어 사망했다.
mno_choice_41_1|병사의 돈과 장비를 가진다, 그는 일개 병사로, 그의 소유물은 내것이다.
mno_choice_41_2|병사의 유품을 가족들에게 보낸다.
mno_choice_41_3|병사의 유품을 가족들에게 보내고 장례식을 열어준다.
menu_event_42|당신의 병사중 하나가 질병으로 사망했습니다. 그는 양쪽 종교의 징표를 모두 가지고 있었습니다. 아무도 그의 종교가 무엇인지 모릅니다.
mno_choice_42_1|그의 손에 검을 들려주고 화장한다 (토착 종교)
mno_choice_42_2|신의 이름으로 땅에 묻는다 (유일신교)
mno_choice_42_3|그냥 매장한다.
menu_event_siege_01|당신의 부하중 하나가 병사들이 먹던 식량에서 쥐를 발견했다고 한다.
mno_choice_01_1a|이런 망할! 식량을 불태운다.
mno_choice_01_2a|전투 준비중에 식량을 없앨 수는 없다. 쥐를 최대한 많이 잡는다.
menu_ratas_siege|쥐를 일소하기 전에, 많은 병력이 병들어 죽었다. ^^아군 피해:{s8}
mno_back_to_siegea|확인.
menu_enfermedad_siege|자금이 충분하지 않다! 야영지에 죽음의 기운이 감돌고 있다. 많은 병력이 병들어 죽었다. ^^아군 피해:{s8}
mno_back_to_siegeb|확인.
menu_enfermedad2_siege|야영지에 죽음의 기운이 감돌고 있다. 많은 병력이 병들어 죽었다. ^^아군 피해:{s8}
mno_back_to_siegec|확인.
menu_enfermedad3_siege|야영지에 죽음의 기운이 감돌고 있다. 많은 병력이 병들어 죽었다. 그러나 신께서 몇몇은 살려주신것 같다. ^^아군 피해:{s8}
mno_back_to_sieged|확인.
menu_enfermedad4_siege|부대의 진보된 의술로 인해 많은 병력을 구했다. 그러나 일부 사망자는 나왔다.^^아군 피해:{s8}
mno_back_to_siegee|확인.
menu_event_siege_02|허술한 위생관리가 전염성 이질을 불러왔다. 병사들이 죽어나간다.
mno_choice_02_1b|비싼 돈을 들여서라도 의사를 고용해 치료한다. (1000 실버).
mno_choice_02_2b|내가 할 수 있는 일은 없다.
mno_choice_02_3b|신에게 기도한다.
mno_choice_02_4b|나 혹은 내 부관이 그들을 치료할 수 있다.
menu_event_siege_03|쥐로인해 역병이 퍼지고 있다. 당신의 눈앞에서 사람이 죽어간다.
mno_choice_03_1c|비싼 돈을 들여서라도 의사를 고용해 치료한다. (1000 실버).
mno_choice_03_2c|내가 할 수 있는 일은 없다.
mno_choice_03_3c|신에게 기도한다.
mno_choice_03_4c|나 혹은 내 부관이 그들을 치료할 수 있다.
menu_event_siege_04|적의 공작대가 야음을 틈타 침투해 아군 식량기지를 공격했다. 식량의 일부가 불살라졌다.
mno_choice_04_1d|야간보초병을 근무태만에 대한 본보기로 처벌한다.
mno_choice_04_2d|내버려둬!
menu_event_siege_05|야음을 틈타, 당신의 병사들이 제멋대로 적 식량창고에 들어가 이를 불태웠다.
mno_choice_05_1e|그들의 공을 칭찬한다.
mno_choice_05_2e|각각 훈장을 수여한다 (300 실버).
mno_choice_05_3e|매춘부들과 어울리도록 비용을 지불한다. 200 실버.
mno_choice_05_4e|아무것도 하지 않는다. 나는 냉정한 지휘관으로 지휘체계를 무시한 행동을 좋아하지 않는다.
menu_event_siege_06|경, 아군 식량기지가 위험에 노출되어 있습니다. 정찰병이 아군 뒤로 숨어드는 적 용병기습대를 발견했습니다.
mno_choice_06_1f|병력을 보니 루트를 차단하고 추적하게 한다 (Note: 병력을 잃을 수 있음).
mno_choice_06_2f|전령을 보내 적 용병을 포섭하여 공격을 포기학 한다. (500 실버).
mno_choice_06_3f|그대로 둔다.(일부 식량을 잃는다).
menu_encuentro_avituallamiento|적군이 당신의 보급선을 끊어버리는 것을 막기위해 병력의 일부를 파견했다. 당신 병력은 죽음을 각오하고 적을 몰아내려고 시도했고 약간의 손실이 발생했지만 병사들이 보급선을 지키는데에 성공했다. ^^아군 피해:{s8}^^적군 피해: {s9}
mno_back_to_siegeg|잘해주었다.
menu_event_siege_07|정찰병이 보고하기를 적 수비병들이 물에 죽을 동물 사체를 풀어 물을 오염시켰다고 합니다.
mno_choice_07_1g|물을 주변 상인에게서 산다. 그들이 우리에게 물을 공급해줄 것이다. (600 실버가 듭니다).
mno_choice_07_2g|병사들에게 우물을 만들게 지시를 내린다, 근처 맑은 강에서 물을 퍼올것도 명령한다. (당신의 우물이 완성되는 동안 부하들중 일부를 잃을 수 있습니다.)
mno_choice_07_3g|물없이 포위를 계속하는 것은 무리다. 포위를 풀고 떠난다.
menu_sed_siege|식수가 떨어져 가고 있습니다, 당신의 군사들이 점점 약해집니다. 갈증에 미쳐 부하들중 일부가 오염된 물을 마시고 죽습니다. 마침내 우물이 완성되었고 식수를 공급받을 수 있는 당신은 포위를 계속 할 수 있습니다.^^Your casualties by poisoned water:{s8}
mno_back_to_siegeh|Done.
menu_event_siege_08|Sir, 나쁜 소식입니다: 우리 군사중 하나가 적에게 투항했습니다. 이것은 사기와 관련된 일 같은데 그는 그들에게서 돈을 제공받았고 넘어갔습니다. 어찌되었든 이제 적은 우리의 계획을 압니다.
mno_choice_08_1h|제길! 사기 증진을 위해 군대에 400 실버를 제공한다. 난 더 이상의 탈영병이 생기는 것을 용납할 수 없다.
mno_choice_08_2h|걱정할 것 없다. 난 항상 계획을 변경하니까.
menu_event_siege_09|적탈영병이 우리에게 합류해왔습니다. 그는 우리에게 {s2}를 알려주었습니다.
mno_choice_09_1i|군사가 하나라도 더 있는게 좋지. 그를 환대해주어야지.
mno_choice_09_2i|내 군사중에 도망자가 있는 걸 원치 않는다. 그를 무참히 죽여라!
mno_choice_09_3i|내 생각에 그는 첩자다. 그를 적진영에 다시 던져 넣어라.
menu_event_siege_10|병사들이 적에게 욕을 욕을 하기는 커녕 가끔씩 서로 담화를 나누기도 합니다. 이것은 우리가 공격을 할때 영향을 끼칠것 같습니다. 어떻게 할까요?
mno_choice_10_1j|그냥 둬라 적군 역시 영향을 받을테니까.
mno_choice_10_2j|뭐시라? 그런 일을 한 자들을 벌주고 적군과 이야기 하는것을 금하게 한다.
menu_event_siege_11|추운겨울이 다가오면 이것은 언제나 피해를 안겨줍니다. 몇몇의 군사가 추위로 죽습니다. 독감과 동상 등으로 인해..  ^^아군 피해:{s8}
mno_choice_11_1j|망자를 위해 기도한다.
menu_event_siege_12|당신이 포위하고 있는 진영 부근 마을의 한 농부가 당신께 와서 당신의 군사중 하나가 자기 딸을 강간했다고 합니다. 그 농부가 배상으로 50 실버를 요구합니다. 어떻게 하시겠습니까?
mno_choice_12_1j|병사를 대신해 사과하고 배상금을 낸다.
mno_choice_12_2j|배상금 따위는 없다. 이곳은 적군의 영토다. 우리 군사들이 이곳에서 무엇을 하든 상관이 없다.
mno_choice_12_3j|농부와 그의 딸을 죽인다. 그들은 우리 적의 노예일뿐이다. 
menu_event_siege_13|한 무리의 적이 기습 공격을 감행했습니다 그러곤 재빨리 내뺐습니다.^^아군 피해:{s8}^^적군 피해: {s9}
mno_choice_13_1b|이런 일은 일반적인 일이다 좀 더 조심해야겟군. (만약 당신이 포위망을 구축하면 문제는 바로 해결됩니다.).
menu_event_siege_14|당신의 군사들이 근처 숲에서 식량을 구하는 적들과 우연히 맞딱뜨렸습니다.^^아군 피해:{s8}^^적군 피해: {s9}
mno_choice_14_1b|이것은 일반적인 일이다. 조심하라. (만약 당신이 포위망을 구축하면 문제는 바로 해결됩니다).
menu_event_siege_15|우리가 근처 마을을 공격 하는동안 적에게 공격을 받았습니다. 마을 사람들까지 적에 합류하여 사상자가 발생했습니다.^^아군 피해:{s8}^^적군 피해: {s9}
mno_choice_15_1b|이것은 일반적인 일이다. 조심하라. (만약 당신이 포위망을 구축하면 문제는 바로 해결됩니다).
menu_event_siege_16|적과 당신의 군사들이 강가에서 마주쳤습니다 서로 물을 두고 싸웠고 양 진영 모두 다수의 사상자가 발생하였습니다.^^아군 피해:{s8}^^적군 피해: {s9}
mno_choice_16_1b|이것은 일반적인 일이다. 조심하라. (만약 당신이 포위망을 구축하면 문제는 바로 해결됩니다).
menu_event_siege_17|적들이 비밀통로를 만들었습니다, 그들은 우리가 반격을 준비 할 틈도 없이 신속히 공격하였습니다.^^아군 피해:{s8}^^적군 피해: {s9}
mno_choice_17_1b|이것은 일반적인 일이다. 조심하라. (만약 당신이 포위망을 구축하면 문제는 바로 해결됩니다).
menu_event_siege_18|당신 군사들중 일부가 근처 마을에서 여자들을 납치해왔습니다. 그리고 그것이 아군진영에 재미를 줍니다.
mno_choice_18_1b|허용한다. 단 가장 아름다운 여성은 내가 차지한다.
mno_choice_18_2b|여성들을 풀어줄 것을 명령하고 그들에게 벌을 준다.
menu_event_siege_19|적들이 우리 포위망을 깨려고 합니다, 우리군이 그들을 진합하려 합니다.^^아군 피해:{s8}^^적군 피해: {s9}
mno_choice_19_1b|적들이 물러나도록 내가 맹공격을 퍼붓는 동안 방어를 강화하기 위해 즉시 그쪽으로 일부 병력을 파견한다.
mno_choice_19_2b|신속히 전군은 포위망이 깨진 곳으로 집중하라.
mno_choice_19_3b|걱정할 것 없다. 우리의 포위망은 그 무엇보다 단단하니까.
menu_no_defendiendo|적들이 우리진지의 방어를 부셨습니다. ^^아군 피해:{s8}^^적군 피해: {s9}
mno_defendiendo_1b|우리는 성벽 포위망을 구축해야 합니다.
menu_defendiendo_circunvallation|우린 가까스로 적을 격퇴할 수 있었습니다. 그들은 다시 성을 방어하러 갔습니다...^^아군 피해:{s8}^^적군 피해: {s9}
menu_defendiendo_mal|또 다른 무리의 적들이 우리 군대의 이목을 한쪽으로 집중시키고 취약한 포위망에 화살을 쏘아부었습니다. ^^아군 피해:{s8}^^적군 피해: {s9}
menu_event_siege_20|적이 아군 공성장비를 소실시키려 하고 있습니다. ^^아군 피해:{s8}^^적군 피해: {s9}
mno_choice_20_1b|장비를 강화하기 위해 소수 파견대를 보내라 
mno_choice_20_2b|당장 모든 병사들을 장비를 지키는데 파견하라
mno_choice_20_3b|걱정할것 없다. 나의 병사들이 지킬 수 있을것이다.
menu_no_defendiendo_equip|적이 우리의 방어선을 뚫고 장비를 파괴하였습니다.^^아군 피해:{s8}^^적군 피해: {s9}
menu_defendiendo_equip|우리는 간신히 적을 격퇴하였고 그들은 그들의 성벽으로 물러났습니다.^^아군 피해:{s8}^^적군 피해: {s9}
mno_defendiendo_1h|잘해주었다.
menu_defendiendo_mal_equip|다른 물결이 덥쳤습니다. 그들은 우리의 위치를 포위했고 다른 편에서 공성장비를 파괴했습니다.^^아군 피해:{s8}^^적군 피해: {s9}
mno_defendiendo_1v|망할!
menu_event_siege_21|당신의 경비병이 몇몇의 군사가 밤에 참호를 빠져나와 도망치려 하는것을 발견했습니다.
mno_choice_21_1b|그들이 도망치게 둔다.
mno_choice_21_2b|그들을 죽인다.
menu_event_siege_22|당신의 경비병들이 당신에게 알리기를 양의 탈을 쓴 적 무리를 보았닥 합니다. 지금 적들은 강가에서 물을 체우고 있습니다. 
mno_choice_22_1b|매복해서 본떼를 보여준다.
mno_choice_22_2b|아무것도 하지 않는다.
menu_victoria_ovejas|당신의 군사들이 적을 포위했고 기습공격을 감행했습니다. 죽음의 물결이 퍼져나갑니다.^^아군 피해:{s8}^^적군 피해: {s9}
mno_defendiendo_1l|완벽해!
menu_derrota_ovejas|함정입니다, 그 양의 탈을 쓴 자들이 우리 군사들을 꾀어내어 매복진으로 공격했습니다. 우리 군사들이 참호로 돌아오기 전에 많이 죽어나갔습니다. ^^아군 피해:{s8}^^적군 피해: {s9}
mno_defendiendo_1p|끔찍하군.
menu_tablas_ovejas|당신 군사들은 적을 포위하도록 배치되었습니다. 하지만 그들은 너무 굼뜨고 시끌벅적합니다. 그 양의 탈을 쓴 적들이 당신의 의도를 알아차리고 잽싸게 튀었습니다.
mno_defendiendo_1o|망할!
menu_event_siege_23|한 용병이 당신 포위망에 찾아와 당신의 군대에 합류하고 싶다고 합니다. 그는 우리가 포위하는 곳에서 추방당해 스스로 망명자라고 하며 그는 복수를 하고 싶다고 합니다.
mno_choice_23_1b|그를 받아들인다.
mno_choice_23_2b|더 이상의 군사는 필요없다. 우리 군사로 충분하니까.
menu_event_siege_24|우리는 적들과 죽은 소작농의 머리가 누적되어 있습니다. 적들의 사기를 꺽는데 이것을 사용할까요? 성벽안에 던져넣어 질병을 유발할 수도 있습니다.  
mno_choice_24_1b|뭐라? 그것 참 고약한 취미군. 그런짓은 하지 말라!
mno_choice_24_2b|물론이지, 그것은 아주 유용하게 작용할꺼야.
menu_cabezas_moral|머리들이 정착지 안으로 던저졌습니다. 성안에서 비명소리와 울음이 들려옵니다. 시민들이 그들의 사랑하는 사람의 죽음을 알아차렸기 때문입니다. 전쟁은 무자비하고 당신은 기꺼히 당신이 아주 잔악한 자임을 적에게 증명해보였습니다. 
mno_defendiendo_1q|이것이 그들을 포기하게 만들 것입니다 ... 아니면 죽거나...
menu_event_siege_25|한 무리의 상인들이 춤꾼들로 하여금 밤에 당신 군사들을 즐겁게 해줄 수 있다고 합니다. 
mno_choice_25_1b|내 군사들은 행동을 취해야한다, 그들의 집중을 흐트려 놓아선 않된다.
mno_choice_25_2b|내 군사들은 됬고 내가 필요하다. 나를 위해 춤꾼들을 고용한다. (100 실버).
mno_choice_25_3b|내 군사들은 마땅히 그럴 자격이 있다. 그들을 위해 춤꾼들을 고용한다. (500 실버).
menu_event_siege_26|한 무리의 도적들이 당신 진영에 다가왔습니다. 당신의 군사들이 그들에게 접근하자 그들은 무기를 땅에 버리고 평화를 위해 왔다고 합니다. 잠시 후 도적들의 수장이 한발짝 나와 당신 부대에 합류하게 해달라고 요청했습니다. 
mno_choice_26_1b|물론이다! 나는 항상 피에 굶주린 사람을 원한다!
mno_choice_26_2b|내게 그런 종류의 사람을 받아줄 자리는 없다. 그들을 물린다.
mno_choice_26_3b|내게 니들이 가치 있다는 것을 증명해 보여라. 근처 마을을 기습공격하고 장로의 머리를 가져와라. 그럼 받아들이겠다.
mno_choice_26_4b|그들을 모두 죽여라!
menu_event_siege_27|몇몇 상인들이 당신께 다가와 그들의 물건들을 캠프에 팔길 원합니다.
mno_choice_27_1b|그들과 그들의 돈은 환영이다.
mno_choice_27_2b|이미 충분한 상인이 있다.
mno_choice_27_3b|그들을 모조리 죽이고 돈을 챙긴다.
menu_event_siege_28|식량난으로 인해 수비병들은 그들의 처자식과 노부모들을 버렸습니다. 당신은 그들이 당신 포위망에 다가와 음식을 구걸하는 것을 볼 수 있습니다.
mno_choice_28_1b|군사들의 일부를 보내 아이들과 노인들을 죽인 뒤 여자는 군사들이 갖게 한다
mno_choice_28_2b|식량을 사서 주민들에게 보낸다. (400 실버).
mno_choice_28_3b|그들에게 어느것도 주지 않는다. 그들이 굶어죽게 둔어라!
menu_event_siege_29|당신 군사중 하나가 오랜 포위에 열받아 당신 부관의 아내를 강간했습니다. 
mno_choice_29_1b|그 상황을 무시한다.
mno_choice_29_b|그 병사에게 물 한 모금도 주지 마라!
mno_choice_29_3b|그 병사를 처형하라!
mno_choice_29_4b|부관에게 위로금을 보낸다. (500 실버).
menu_lucha_oficial|당신의 부관이 그 병사를 죽였고 그 병사 친구들과 다툼을 벌였습니다. ^^Casualties:{s8}
mno_defendiendo_1z|그것 참 끔찍하군.
menu_event_01_juicio|한명은 키가 크고 여위었고 다른 하나는 작고 다부진 농부 두명이 당신께 와서 송아지 소유권 문제에 대해 상의 해줄것을 요구했습니다. 들어보니 그들의 들판은 경계가 맞닿아 있었는데 그 키큰 농부는 다부진 농부에게 속한 일반소로 임신시킨 황소를 가졌다고 한다. 그 다부진 농부가 말하길 송아지는 내 것이다 어찌되었든 그 소를 임신시킨건 나의 소였으니까. 키큰 농부는 요구했다 송아지는 그의 것이라고 왜냐면 그 소를 낳는 건 다름아닌 내 황소니까.
mno_choice_01_1n|일반소 주인의 권리가 맞는것이다. 송아지는 당신것이오. 당신의 소가 그런것처럼. 
mno_choice_01_2n|황소주인의 권리가 맞는것이다. 황소와 송아지는 한몸 이였으니까..
mno_choice_01_3n|일반소 주인이 송아지 갖고 30실버를 황소 주인에게 보상하세요.
mno_choice_01_4n|둘다 틀렸어! 송아지를 죽여서 고기로 만들어야지.
mno_choice_01_5n|둘다 틀렸어 송아지를 반으로 잘라 한덩어리씩 나눠 갔도록 해.
menu_event_02_juicio|우리 전령중의 하나를 공격한 사람을 잡았습니다. 지금 그 전령은 심각히 부상당해 병실에 누워 있습니다. 이것은 우리에게 좋은 징조처럼 보이지 않습니다. 전령은  그 공격자가 자신에게 사정이 있다고 합니다. 그리고 그는 그가 처형되기 전에 그의 말을 한번 들어볼 것을 호소합니다. ^^Prisioner talk: 제가 처음부터 그를 공격할 의도가 있던게 아닙니다....그 남자가 밤에 제 어린 딸과 자려고 했습니다. 물론 제가 거절했죠. 우린 야만인이 아니니까요. 그러나 그가 제 말에 아랑곳 하지 않고 제 집으로 그의 친구 몇과 처들어왔습니다. 그리고 제 사랑스러운 딸을 강탈했어요.  제가 지금 그를 다치게 한것은 잘못이고 후회하고 있습니다. 하지만 어떤 부모가 하나밖에 없는 딸이 당하는걸 눈뜨고 지켜만 본단 말입니까! 제발 이 미천한 이의 말에 합리적으로 생각헤주십시오. 
mno_choice_02_1n|어찌되었든 그 전령은 내 부하다. : 전령을 공격한 이와 그의 가족을 새벽에 처형시켜라! 그리고 그의 재산을 몰수하라!
mno_choice_02_2n|그 전령은 중요하지만 당신은 합리적이다 : 너의 가족은 처벌을 면하고 너만 목에 매달도록 하겠다.
mno_choice_02_3n|왕명 : 가도 좋다!
mno_choice_02_4n|뭐? 이 개새끼를 끌어내라, 어떻게 나의 충실한 부하를 공격할 수 있나?!
menu_event_03_juicio|당신은 서로 다툰 두명의 남자 사이에서 결정해야 합니다. 한명은 부대장, 다른 한명은 그를 섬기는 자. 부대장이 그를 따르는 자에게 충분한 대가를 지불해주지 않은 듯 합니다, 그래서 그 부하는 부대장의 딸을 침대로 끌어들여 취했습니다.
mno_choice_03_1n|부하된 자를 처벌한다, 그는 부대장의 명예를 더럽혔다.
mno_choice_03_2n|부대장을 처벌한다, 그는 그의 의무를 다하지 않았다.
mno_choice_03_3n|부대장의 딸과 대화한 당신은 부하된 자를 당신이 데려가는 것으로 처벌을 대신하겠다고 선언한다.
mno_choice_03_4n|부대장에게 충분한 보상을 주고 부하된 자의 맹약을 취하하도록 한다.
menu_event_04_juicio|당신의 부대원 중 한명이 성큼 성큼 다가옵니다. 그가 말하길 다들 낮은 임금으로 불만이 많다고 합니다. 당신의 명령을 받는 것이 그다지 명예로운 것 같지도 않다며 불평합니다.
mno_choice_04_1n|포상을 주고 장신구를 주어 달랜다.
mno_choice_04_2n|개소리를 지껄일거라면 꺼져도 좋다고 말한다.
mno_choice_04_3n|그 남자를 죽인다. 목을 쳐내고 부대원들 앞에 던져준다.
mno_choice_04_4n|당신의 지휘방식을 바꾸겠다고 약속한다.
menu_event_05_juicio|폭식. 7대 악중의 하나. 4달에 걸친 연회로 인해 살이 비대해져 맞는 옷이 하나도 없게 되었습니다. 더 큰 옷을 맞춘뒤 여전히 폭식을 계속하던 당신은 의사로부터 운동과 절식으로 살을 빼야한다는 충고를 들었습니다.
mno_choice_05_1n|더 많은 음식을 먹는다. 그리고 의사를 바꾼다.
mno_choice_05_2n|근처의 이름난 장소를 배회하며 운동을 시작한다.
mno_choice_05_3n|당신의 살집에 대해 지껄이는 사람을 처형한다.
menu_event_06_juicio|당신의 아름다운 배우자는 부드러운 살결과 찰랑거리는 머릿결의 소유자로 많은 남성들의 이목을 끌기에 충분합니다. 그래서인지 들리는 소문에 의하면 결혼 전에 많은 남자들을 알고 있었고 지금도 만나고 있다고 합니다. 배우자가 당신을 속인 것일까요? 어떻게 하시겠습니까?
mno_choice_06_1n|내버려둬라. 그녀가 행복하기만 하면 나는 상관없다.(당신의 아이가 다른 남자의 핏줄일 확률 75%).
mno_choice_06_2n|누구도 나의 여자를 넘볼 수 없다. 남자들이 눈에 띄이는 즉시 죽여라.
mno_choice_06_3n|시종을 시켜 배우자를 감시하라. (당신의 아이가 다른 남자의 핏줄일 확률 50%).
menu_event_07_juicio|미친 태양아래 엄청난 기근이 발생하고 계절이 바뀌어 첫 눈이 오는 시점. 비축된 곡물이 적은 탓에 겨울 동안 엄청난 굶주림에 시달릴 것이 걱정됩니다. 어떻게 하면 좋겠습니까?
mno_choice_07_1n|내 군대와 가족들을 위해 비축해놓은 곡식을 개방할 수는 없다.
mno_choice_07_2n|백성들에게 개인적으로 비축한 곡식을 개방하라. 군량이야 어떻게든 되겠지.
mno_choice_07_3n|곡식을 타국으로부터 수입하라, 나의 백성들이 배불리 먹을 수 있도록. (많은 비용).
mno_choice_07_4n|굶어 뒤지게 내버려 둬! 지들 밥그릇은 알아서 챙겼어야지!
menu_event_08_juicio|당신의 영주중 한명이 자신의 사생아 아들을 당신의 근위대원으로 추천했습니다. 그 사생아를 만나보니 천하고 명예를 모르며 심지어 싸움에도 적합해 보이지 않습니다. 어떻게 하시겠습니까?
mno_choice_08_1n|그 사생아를 근위대에 집어넣어라. 자리가 없으면 지금 있는 근위대원을 해임시켜.
mno_choice_08_2n|돈을 주어 달래고 돌려 보내라.
mno_choice_08_3n|아무짝에 쓸모 없는 놈은 쫓아내라. 
menu_event_09_juicio|두 사람이 당신을 알현 합니다. 한 명은 학자이자 사제인 사람으로 수도원의 건설비용과 각종 연구비를 요청하고 있습니다. 다른 한명은 우락부락한 남자로 암시장의 상인입니다. 상인은 가종 무기와 말, 갑옷들의 구입을 제안하고 있습니다.
mno_choice_09_1n|학자를 지원하라. 왕에겐 검보다 더 많은 책이 필요한 법이지.
mno_choice_09_2n|상인과 거래하라. 더 많은 전쟁이 있을것이니 대비해야한다.
mno_choice_09_3n|지식과 전쟁 어느것도 포기할 수 없지. 둘 다 지원하라. (높은 비용).
mno_choice_9_4n|흥미없어 다 꺼져버려.
menu_event_10_juicio|어두운 밤하늘을 밝히는 등불. 그 아래 가신들이 회의를 진행하고 있습니다. {s1}의 사람들은 추수의 계절이 오기전에 아름다운 소녀를 산 제물로 불태워 역신이 창궐하는 것을 막는다는 풍습을 가지고 있습니다. 이것을 처리할 방안을 놓고 고심 중입니다.
mno_choice_10_1n|소녀를 갈대 잎으로 묶고 산 제물로 불태워라.
mno_choice_10_2n|이런 야만스러운 풍습은 용납될 수 없다. 도시의 소녀들을 이 악습으로 부터 보호하라.
mno_choice_10_3n|난 모르겠다. 잠이나 잘래.
menu_event_11_juicio|아침부터 발발굽 소리가 요란합니다, 정찰병이 도착한 것이죠. 그가 말하길 특이한 외모의 사람들을 태우고 있는 선박이 국토 연안에 반침몰상태로 있다고 합니다.
mno_choice_11_1n|즉시 군대를 보내 조사하라. 가치있는 것은 빼앗고 생존자들을 죽여라.
mno_choice_11_2n|즉시 군대를 보내 조사하라. 생존자가 있다면 대리고 와라.
mno_choice_11_3n|몰라. 난 코딱지나 마져 팔래.
menu_event_12_juicio|파발이 궁성으로 허겁지겁 달려와 당신을 알현 합니다. '군주시여, 마을이 큰 위험에 처해있습니다! 알수없는 질병에 걸려 다들 죽어가고 있습니다, 마을에서 가장 뛰어난 의원도 치료제를 찾지 못하고 있습니다. 마을의 영주님도 수를 쓰지 못하고 있습니다, 부디 도움을!'
mno_choice_12_1n|큰일이로군! 나의 가장 뛰어난 군의관들을 보내겠다!
mno_choice_12_2n|큰일이로군! 전쟁에 필요한 군의관을 잃는 것은 위험하다. 질병이 더 번지는 것을 막기위해서 생존자들을 전부 죽여야겠군!
menu_event_13_juicio|왕실사제가 당신의 앞에 무릎을 꿇었다. '군주시여, 아름다운 레이디의 분만이 원활하지 않다고 합니다! 아무래도 레이디의 몸상태가 출산을 견뎌내기 힘든 상태인 것 같습니다. 이 상황을 극복하려면 신께 제물을 바치고 기도를 올려야 합니다!
mno_choice_13_1n|다들, 무릎을 꿇어라 그리고 처녀신에게 기도를 올려라!
mno_choice_13_2n|하! 종교쟁이들이 헛소리를 지껄이는 군! 근위대, 마을에서 이 방면에 뛰어난 노파 아무나 데리고 와라, 지금 당장!.
menu_event_14_juicio|어느날, 충성스러운 귀족전사가 당신에게 괴상한 요청을 합니다. '군주시여, 사실 제가 큰 어려움에 처해있습니다. 제 부대의 장비치출로 제가 가진 가산을 전부 탕진해버리고 만 것이지요, 전부 군주님을 더 잘 모시기 위함입니다. 그런데, 마침 제 첫 여식이 결혼식을 올리는데 제겐 내줄만한 값나가는 것이 아무것도 없지 뭡니까.'
mno_choice_14_1n|약간의 귀중품을 하사하겠다. 그대의 충성에 대한 보상이다. (높은 비용).
mno_choice_14_2n|계획성이 부족하군, 딸 결혼식 정도는 생각하고 지출했어야지. 도와주겠지만 이번이 마지막이다.
mno_choice_14_3n|안돼, 나부터 굶어 죽겠다.
menu_event_15_juicio|어느날, 왕실사제가 당신에게 당도했다. '군주시여, 굉장한 소식입니다! 성지 예루살렘에서 온 상인이 성스러운 십자가를 팔겠다고 합니다! 정말 믿을 수가 없군요. 그런 성스러운 보물을 우리 왕국이 가질 수 있다니!'
mno_choice_15_1n|성스러운 십자가 따위는 개나소나 만들어 낼 수 있지. 가짜 보물따위에 돈을 낭비할 수는 없다!
mno_choice_15_2n|좋은 기회지만 안타깝게도 재정이 원활하지 못하다네. 자네가 이해하시게.
mno_choice_15_3n|뭐! 이건 꼭  사야해! 당장 내 돈을 가져가! (높은 비용).
menu_event_16_juicio|당신은 동료들과 연회중이었다. 조합장이 방문하기 전까진, '위대한 왕이시여, 마을에 사건이 생겨 당신의 판단이 필요한 상황입니다.' 당신은 따라 나왔다, 검을 소지한채.^^그곳에는 수많은 군중들이 우글거리고 있다, 당신이 등장하자 모두 침무겡 잠긴다. 길드장이 입을 열었다. '왕이시여 판결이 필요합니다. 지금 이곳에 한아이의 엄마라고 주장하는 두 여인이 있습니다.^당신은 말했습니다'어디 데리고 와봐라'. 두 여인이 나타났습니다, 한명은 가난한 옷차람 다른 한명은 부유한 옷차림입니다. '어디보자, 두 여인이 모두 치열하게 자기 아이임을 주장하니 나로선 답을 구할도리가 없다. 근위대, 아이를 반으로 갈라 둘에게 나누어 줘라'. 그러가 가난뱅이 여인이 비명을 지릅니다. '안되! 차라리 저 여자에게 아이를 주세요. 당신은 그녀를 보며 말했다: '너야말로 참된 어미로구나', 그리고 당신은 거짓주장을 펼친 여인을 응시했다.
mno_choice_16_1n|저년을 투옥하라. 중죄인이다.
mno_choice_16_2n|검으로 반토막을 낸다, 왕에게 거짓말을 하다니 죄가 크다.
mno_choice_16_3n|그녀의 죄를 군중앞에서 낱낱이 토로하게 만든뒤 목숨을 살려준다.
menu_event_17_juicio|당신의 조언가가 말하길 수확량이 충분치 않다고 한다. '군주시여 올해 수확량이 턱없이 모자랍니다. 조세를 낮추지 않으면 백성들은 힘든 겨울을 보내게 될겁니다.'
mno_choice_17_1n|흥. 내가 조세를 낮추고 군비를 적게 갖춘다면 적들은 우리를 압도하고 나의 목을 치려하겠지.
mno_choice_17_2n|아 그럼 낮춰. (국고 지출).
menu_event_18_juicio|마을에서 달려온 농부가 당신에게 고하길. 중무장의 군대가 마을에서 여자들을 겁탈하고 곡식을 훔쳤다고 합니다. 그렇게 말하는 농부 본인도 피칠갑을 하고 있습니다.
mno_choice_18_1n|들었는가 전사들이여! 저 씨발놈들에게 복수의 쇠맛을 보여주도록 하자! (높은 비용).
mno_choice_18_2n|내가 도와줄 수 있는게 없군. 사라져라, 천한 것!
mno_choice_18_3n|전쟁은 잔혹하지. 잘 말해주었다 농부여. 이 돈을 마을의 재건에 보태도록 하라.
mno_choice_18_4n|내가 어찌 세상의 모든 무뢰배들로 부터 그대들을 완벽히 보호할 수 있겠는가. 하지만 그대를 도울 방법은 있지. 이 정도 돈이면 적어도 그대가 잃은 것에 대한 보상은 될것이다.
menu_event_19_juicio|한 매춘부가 마녀로 의심되어 잡혀왔습니다, 터무니 없는 주장이라는 토착 종교 측과 마녀를 처형하라는 일신교도 측이 팽팽히 맞서고 있습니다.
mno_choice_19_1n|그녀를 추방하라. 기왕이면 적국이 좋겠군.
mno_choice_19_2n|마녀에게 응당한 대가를 치루게 하라. 그리고 땅에서 토착 종교를 몰아내고 일신교를 장려하도록 한다.
mno_choice_19_3n|마녀들! 널리고 널린게 마녀라지! 아무나 붙잡고 마녀혐의를 씌워 죽이는 일 따위 용납할 수 없다!
menu_event_20_juicio|당신의 한 마을에서 어떤 사제가 당신에게 고합니다. 이 마을의 일신교도들은 토착 종교도들을 마을에서 쫓아내거나 죽이길 원한다고.
mno_choice_20_1n|사제가 옳다 : 이단놈들의 머리를 베어 창꽂이로 써라.
mno_choice_20_2n|사제는 옳지 않다 : 사제와 일신교도들을 신의 제물로 불태워라.
mno_choice_20_3|사제는 옳지 않다 : 일신교도들을 마을에서 쫓아낸다. 마을은 평화로워 질 것이다.
mno_choice_20_4n|몰라 관심없어.
menu_event_21_juicio|당신의 백성들은 여러 가문으로 나뉘어져 있다. 어느날 한 가문의 젊은 수장이 당신을 찾아와 정의의 심판을 요청했다. 그의 가문은 오랬동안 다른 강력한 가문들 사이에서 가축을 약탈당하며 살아왔다, 그 정도는 참을만 했지만 최근에는 그의 신부 마져 빼앗아간 것이다.
mno_choice_21_1n|젊은 수장의 요청을 들어준다.
mno_choice_21_2n|젊은 수장을 감옥에 가두고 강한 자가 약자의 것을 가지는 것은 당연하다고 공표한다.
mno_choice_21_3n|젊은 수장의 땅을 빼앗고 추방시킨다.
menu_event_22_juicio|인근 마을의 여인이 당신에게 고하길 최근 전투에서 죽은 당신의 부하가 그녀의 남편이라고 한다. 그녀는 이제 의지할 곳이 없다.
mno_choice_22_1n|그녀를 수도원으로 보낸다.
mno_choice_22_2n|아무것도 하지 않는다.
menu_event_23_juicio|당신의 아내가 당신에게 말했다. '당신을 따랐던 사람들을 위해 자비를 배풀어줄 생각은 없는 건가요? 당신의 전투로 생긴 수 많은 불구자들을 보세요 거리를 떠돌며 구걸을 하고 있죠, 그리고 수많은 사람들이 그들의 아버지와 남편과 아이들을 잃어야 했죠. 바로 당신의 그 전쟁때문에. 당신이 그들을 돕는다면 미래에 어려운 일이 생길때 그들이 당신의 방패막이 되어줄거라구요.
mno_choice_23_1n|허! 그것들은 스스로를 지길 능력도 없는 머저리들 뿐이야. 썩어 문드러지라지!
mno_choice_23_2n|나의 유감을 공표하겠소, 허나 달리 도울 방법은 없군.
mno_choice_23_3n|동의하오. 한때 나를 따랐던 불구의 전우들을 지원하겠소. 목숨을 잃은 자는 아비를 잃게된 그 가족들을 지원할 것이오.
mno_choice_23_4n|이건 비극이야! 당장 국고를 열어 전쟁으로 인해 가족과 생계를 잃은 모든 이들을 지원하겠소!
menu_event_24_juicio|단순한 사건: 범인은 피해자의 집을 부수고 들어가 상당량의 재물을 훔쳤다. 그런데 피해자는 전 영주(당신이 빼앗기 전, 즉 적.)의 열렬한 후원자였다, 전 영주에 절대적으로 헌신하고 충성하는 인물이었던 것이다. 범인은 훔친 재물로 당신을 지원하겠노라 속삭였다.
mno_choice_24_1n|모든 증거를 무시한다, 범인의 제안을 받아들이고, 부하로 받아들인다.
mno_choice_24_2n|증거는 명백하다, 도둑놈에 걸맞는 형벌, 수족 절단형을 선고한다!
mno_choice_24_3n|양쪽 모두 틀렸다, 모두 쫓아내고 사건을 종료한다.
menu_entrenched_camp|  캠프 요새화 완료.    
menu_buy_arq_menu|이곳에서 희귀한 물건을 구입할 수 있습니다. 바가지가 심하니 주의하세요.
mno_add_items_with_cost|벨벳을 구입한다. (7000)
mno_add_items_with_cost2|연장을 구입한다. (1500)
mno_add_items_with_cost3|조랑말을 구입한다. (4500)
mno_add_items_with_cost4|이성계의 활을 구입한다 (90000)
mno_add_items_with_cost5|오연발 석궁 (90000)
mno_add_items_with_cost6|꿰뚫는 장궁 (70000)
mno_add_items_with_cost7|하토리 한조의 쿠나이 (40000)
menu_add_troops_menu|이곳은 매음굴입니다. 이곳에서 일하는 매춘부와 일없이 쉬고 있는 남자들을 고용할 수 있습니다. (각  1명)
mno_add_troops_with_costhore|매춘부를 고용한다. (100)
mno_add_troops_with_costhoreflagman|기수를 고용한다. (700)
mno_add_troops_with_costhore2|현상금 사냥꾼을 고용한다. (100)
mno_add_troops_with_costhore3|약탈자를 고용한다. (150)
mno_add_troops_with_costhore4|바이킹 약탈자를 고용한다. (600)
mno_add_troops_with_costhore5|바르바리를 고용한다. (500)
mno_add_troops_with_costhore6|왜적을 고용한다. (300)
mno_add_troops_with_costhore7|야만인 전사를 고용한다. (150)
mno_add_troops_with_costhore8|닌자를 고용한다. (900)
mno_add_troops_with_costhore9|하샤신를 고용한다. (900)
mno_add_troops_with_costhore10|석궁병을 고용한다. (400)
mno_add_troops_with_costhore11|매춘부가 내버린 어린이를 입양한다. (10000)
mno_camp_wait_here2|[요새화된 캠프에서 대기한다]
mno_camp_wait_here_entrenched|[캠프를 요새화하고 대기한다.] (4000실버)
mno_camp_party_back|[뒤로 가기]
mno_sexparty_main|부하들에게 상을 내려 사기진작을 도모한다.
menu_sexparty|부하들에게 보상을 주어 부대의 사기 진작을 도모합니다. 매춘부를 고용하기 위해 얼마를 지불하시겠습니까?
mno_sexpartyjump1| 250실버. - 사기 3증가
mno_sexpartyjump2|1000실버. - 사기 13증가
mno_sexpartyjump3|2000실버. - 사기 27증가
mno_sexpartyjump4|3000실버. - 사기 42증가
menu_sexparty1|부하들은 별다른 반응이 없는 것 같습니다. 계속하시겠습니까?
menu_sexparty2|부하들은 기분이 좋아 보입니다. 계속하시겠습니까?
menu_sexparty3|부하들은 당신에게 고마워 합니다. 계속하시겠습니까?
menu_sexparty4|부하들은 이미 스스를 주체하지 못하는 듯 합니다. 계속하시겠습니까?
mno_sexparty1| 250실버 지불
mno_sexparty2|1000실버 지불
mno_sexparty3|2000실버 지불
mno_sexparty4|3000실버 지불
