hint_1|!!!노트->게임의 개념->진형모드설정 필독. 캠프 메뉴 상단에 각종 팁이 있음.
hint_2|!!!노트->게임의 개념->진형모드설정 필독. 캠프 메뉴 상단에 각종 팁이 있음.
hint_3|!!!노트->게임의 개념->진형모드설정 필독. 캠프 메뉴 상단에 각종 팁이 있음.
hint_4|!!!노트->게임의 개념->진형모드설정 필독. 캠프 메뉴 상단에 각종 팁이 있음.
hint_5|!!!노트->게임의 개념->진형모드설정 필독. 캠프 메뉴 상단에 각종 팁이 있음.
hint_6|!!!노트->게임의 개념->진형모드설정 필독. 캠프 메뉴 상단에 각종 팁이 있음.
hint_7|!!!노트->게임의 개념->진형모드설정 필독. 캠프 메뉴 상단에 각종 팁이 있음.
hint_8|!!!노트->게임의 개념->진형모드설정 필독. 캠프 메뉴 상단에 각종 팁이 있음.
hint_9|!!!노트->게임의 개념->진형모드설정 필독. 캠프 메뉴 상단에 각종 팁이 있음.
hint_10|!!!노트->게임의 개념->진형모드설정 필독. 캠프 메뉴 상단에 각종 팁이 있음.
hint_11|!!!노트->게임의 개념->진형모드설정 필독. 캠프 메뉴 상단에 각종 팁이 있음.
hint_12|!!!노트->게임의 개념->진형모드설정 필독. 캠프 메뉴 상단에 각종 팁이 있음.